2008_debruijn_binary	OK-PROOF-VERIFIED	8597	28552	s VERIFIED SATISFIABLE n=5 d=4 c=0 l=0 pbl=0 parse=0.0 compile=0.0 search=0.0 emit=0.0 propag=0.0 rss=6
2009_rectangle-packing_rect_packing	OK-PROOF-VERIFIED	84225	39064	s VERIFIED SATISFIABLE n=17 d=11 c=5 l=5 pbl=1 parse=0.0 compile=0.0 search=0.0 emit=0.0 propag=0.0 rss=9
2009_still_life	OK-PROOF-VERIFIED	38240	541494	s VERIFIED BOUNDS -16 <= obj <= -16 n=92 d=46 c=46 l=41 pbl=16 parse=0.0 compile=0.0 search=0.1 emit=0.0 propag=0.1 rss=10
2009_roster_roster_model	OK-PROOF-VERIFIED	448	120	s VERIFIED UNSATISFIABLE n=1 d=0 c=1 l=0 pbl=0 parse=0.0 compile=0.0 search=0.0 emit=0.0 propag=0.0 rss=6
2010_bacp_bacp-12	OK-PROOF-VERIFIED	373792	406645	s VERIFIED BOUNDS 30 <= obj <= 30 n=57 d=51 c=6 l=6 pbl=0 parse=0.0 compile=0.5 search=0.2 emit=0.0 propag=0.2 rss=30
2010_bacp_bacp-1	OK-PROOF-VERIFIED	373028	399139	s VERIFIED BOUNDS 28 <= obj <= 28 n=54 d=46 c=8 l=8 pbl=0 parse=0.0 compile=0.5 search=0.3 emit=0.0 propag=0.3 rss=30
2010_bacp_bacp-8	OK-PROOF-VERIFIED	373676	538515	s VERIFIED BOUNDS 30 <= obj <= 30 n=169 d=152 c=17 l=17 pbl=0 parse=0.0 compile=0.5 search=0.3 emit=0.0 propag=0.3 rss=34
2008_search_stress	OK-PROOF-VERIFIED	4188	8799890	s VERIFIED UNSATISFIABLE n=10367 d=5183 c=5184 l=0 pbl=0 parse=0.0 compile=0.0 search=0.9 emit=0.1 propag=0.8 rss=12
2010_bacp_bacp-2	OK-PROOF-VERIFIED	373304	751106	s VERIFIED BOUNDS 29 <= obj <= 29 n=81 d=51 c=29 l=29 pbl=0 parse=0.0 compile=0.5 search=0.6 emit=0.0 propag=0.6 rss=36
2011_bacp_bacp-9	OK-PROOF-VERIFIED	373430	1039252	s VERIFIED BOUNDS 38 <= obj <= 38 n=267 d=215 c=52 l=52 pbl=1 parse=0.0 compile=0.5 search=0.7 emit=0.0 propag=0.7 rss=39
2009_search_stress2	OK-PROOF-VERIFIED	3925	10023755	s VERIFIED UNSATISFIABLE n=10079 d=5039 c=5040 l=0 pbl=0 parse=0.0 compile=0.0 search=0.9 emit=0.1 propag=0.8 rss=15
2010_bacp_bacp-4	OK-PROOF-VERIFIED	374309	1469581	s VERIFIED BOUNDS 44 <= obj <= 44 n=310 d=245 c=65 l=65 pbl=0 parse=0.0 compile=0.5 search=0.9 emit=0.0 propag=0.9 rss=40
2010_bacp_bacp-6	OK-PROOF-VERIFIED	373271	936731	s VERIFIED BOUNDS 26 <= obj <= 26 n=176 d=119 c=57 l=57 pbl=1 parse=0.0 compile=0.5 search=1.4 emit=0.0 propag=1.4 rss=39
2011_roster_roster_model	OK-PROOF-VERIFIED	500258	1210377	s VERIFIED BOUNDS 18 <= obj <= 18 n=557 d=402 c=155 l=155 pbl=1 parse=0.0 compile=1.4 search=1.2 emit=0.0 propag=1.2 rss=63
2010_bacp_bacp-11	OK-PROOF-VERIFIED	373181	748905	s VERIFIED BOUNDS 30 <= obj <= 30 n=139 d=95 c=44 l=44 pbl=1 parse=0.0 compile=0.5 search=2.4 emit=0.0 propag=2.4 rss=39
2008_slow_convergence	OK-PROOF-VERIFIED	111562	1260292	s VERIFIED SATISFIABLE n=103 d=102 c=0 l=0 pbl=0 parse=0.0 compile=1.6 search=0.1 emit=0.0 propag=0.1 rss=375
2011_fillomino	OK-PROOF-VERIFIED	247389	8249246	s VERIFIED SATISFIABLE n=558 d=289 c=268 l=268 pbl=0 parse=0.0 compile=0.5 search=2.2 emit=0.1 propag=2.0 rss=52
2009_fillomino	OK-PROOF-VERIFIED	248323	8249246	s VERIFIED SATISFIABLE n=558 d=289 c=268 l=268 pbl=0 parse=0.0 compile=0.5 search=2.1 emit=0.1 propag=2.0 rss=54
2012_mspsp	OK-PROOF-VERIFIED	866878	2253463	s VERIFIED BOUNDS 15 <= obj <= 15 n=212 d=186 c=26 l=22 pbl=7 parse=0.2 compile=0.2 search=1.8 emit=0.0 propag=1.8 rss=105
2010_filters_filter	OK-PROOF-VERIFIED	76361	3756885	s VERIFIED BOUNDS 15 <= obj <= 15 n=1247 d=695 c=552 l=546 pbl=0 parse=0.0 compile=0.1 search=2.0 emit=0.1 propag=1.9 rss=54
2008_nmseq	OK-PROOF-VERIFIED	139333	4906081	s VERIFIED SATISFIABLE n=127 d=64 c=62 l=62 pbl=0 parse=0.0 compile=0.2 search=6.5 emit=0.1 propag=6.4 rss=37
2012_filters_filter	OK-PROOF-VERIFIED	63617	7242662	s VERIFIED BOUNDS 18 <= obj <= 18 n=2675 d=1399 c=1276 l=1274 pbl=0 parse=0.0 compile=0.1 search=6.4 emit=0.1 propag=6.3 rss=64
2010_grid_colouring_GridColoring	OK-PROOF-VERIFIED	102444	16799660	s VERIFIED BOUNDS 3 <= obj <= 3 n=3090 d=1673 c=1417 l=1407 pbl=0 parse=0.0 compile=0.0 search=15.2 emit=0.3 propag=14.9 rss=51
2011_grid-colouring_GridColoring	OK-PROOF-VERIFIED	102444	16799660	s VERIFIED BOUNDS 3 <= obj <= 3 n=3090 d=1673 c=1417 l=1407 pbl=0 parse=0.0 compile=0.0 search=15.1 emit=0.3 propag=14.8 rss=51
2013_filters_filter	OK-PROOF-VERIFIED	120752	1351011	s VERIFIED BOUNDS 10 <= obj <= 10 n=945 d=823 c=122 l=122 pbl=0 parse=0.0 compile=0.1 search=0.6 emit=0.0 propag=0.6 rss=46
2010_bacp_bacp-10	OK-PROOF-VERIFIED	372857	5487904	s VERIFIED BOUNDS 26 <= obj <= 26 n=704 d=391 c=312 l=312 pbl=1 parse=0.0 compile=0.5 search=17.3 emit=0.1 propag=17.2 rss=54
2013_javarouting_empty	OK-PROOF-VERIFIED	345	104	s VERIFIED SATISFIABLE n=1 d=0 c=0 l=0 pbl=0 parse=0.0 compile=0.0 search=0.0 emit=0.0 propag=0.0 rss=6
2012_tpp	OK-PROOF-VERIFIED	188388	38523542	s VERIFIED BOUNDS 190 <= obj <= 190 n=4843 d=4294 c=549 l=512 pbl=0 parse=0.0 compile=0.4 search=17.4 emit=0.6 propag=16.8 rss=64
2009_open_stacks_open_stacks_01	OK-PROOF-VERIFIED	205694	45543868	s VERIFIED BOUNDS 9 <= obj <= 9 n=2211 d=1114 c=1097 l=489 pbl=0 parse=0.0 compile=0.0 search=29.5 emit=0.9 propag=28.6 rss=70
2012_amaze	OK-PROOF-VERIFIED	127766	33108736	s VERIFIED BOUNDS 481 <= obj <= 481 n=2567 d=1309 c=1258 l=1258 pbl=0 parse=0.0 compile=0.1 search=26.3 emit=0.3 propag=25.9 rss=63
2008_radiation	OK-PROOF-VERIFIED	180626	37104974	s VERIFIED BOUNDS 370 <= obj <= 370 n=888 d=576 c=312 l=306 pbl=281 parse=0.0 compile=0.2 search=33.3 emit=0.2 propag=33.1 rss=187
2008_rcpsp	OK-PROOF-VERIFIED	3635422	17755393	s VERIFIED BOUNDS 53 <= obj <= 53 n=246 d=158 c=88 l=80 pbl=1 parse=0.2 compile=3.2 search=16.0 emit=0.3 propag=15.6 rss=1159
2010_sugiyama_sugiyama2	OK-PROOF-VERIFIED	66597	63138739	s VERIFIED BOUNDS 2 <= obj <= 2 n=4049 d=2033 c=2016 l=1689 pbl=592 parse=0.0 compile=0.0 search=62.4 emit=1.1 propag=61.3 rss=111
2012_solbat_sb	OK-PROOF-VERIFIED	1387251	47797704	s VERIFIED SATISFIABLE n=828 d=428 c=399 l=399 pbl=9 parse=0.1 compile=6.6 search=65.4 emit=0.8 propag=64.7 rss=196
2010_solbat_sb	OK-PROOF-VERIFIED	1387250	37984975	s VERIFIED SATISFIABLE n=736 d=372 c=363 l=363 pbl=0 parse=0.1 compile=6.6 search=96.1 emit=0.6 propag=95.5 rss=204
2013_nonogram_non	OK-PROOF-VERIFIED	118426	62077291	s VERIFIED SATISFIABLE n=1459 d=731 c=727 l=256 pbl=48 parse=0.0 compile=0.0 search=166.5 emit=2.2 propag=164.4 rss=112
2011_bacp_bacp-22	UNKNOWN-LIMIT	373108	21610509	n=4960 d=2487 c=2472 l=2472 pbl=0 db=2472 inc=none cpu=280.17s parse=0.0 compile=0.5 search=279.6 emit=0.3 propag=279.3 rss=115
2011_bacp_bacp-24	UNKNOWN-LIMIT	373443	27866144	n=5674 d=2845 c=2828 l=2828 pbl=0 db=2828 inc=none cpu=280.20s parse=0.0 compile=0.5 search=279.6 emit=0.4 propag=279.3 rss=133
2008_trucking	UNKNOWN-LIMIT	4442	53750077	n=1238 d=660 c=577 l=575 pbl=526 db=1101 inc=220 cpu=282.26s parse=0.0 compile=0.0 search=282.2 emit=0.1 propag=282.1 rss=390
2011_bacp_bacp-28	UNKNOWN-LIMIT	372206	25260197	n=5962 d=2989 c=2972 l=2972 pbl=0 db=2972 inc=none cpu=280.26s parse=0.0 compile=0.5 search=279.7 emit=0.4 propag=279.3 rss=132
2011_bacp_bacp-19	UNKNOWN-LIMIT	372854	34338340	n=5094 d=2550 c=2543 l=2543 pbl=0 db=2543 inc=none cpu=280.19s parse=0.0 compile=0.5 search=279.6 emit=0.4 propag=279.2 rss=178
2010_bacp_bacp-23	UNKNOWN-LIMIT	372798	39110320	n=5936 d=2972 c=2963 l=2963 pbl=0 db=2963 inc=none cpu=280.25s parse=0.0 compile=0.5 search=279.7 emit=0.5 propag=279.2 rss=219
2010_bacp_bacp-14	UNKNOWN-LIMIT	373155	35266829	n=5994 d=3006 c=2987 l=2987 pbl=0 db=2987 inc=none cpu=280.29s parse=0.0 compile=0.5 search=279.7 emit=0.5 propag=279.2 rss=184
2010_bacp_bacp-27	UNKNOWN-LIMIT	372845	32101403	n=6228 d=3139 c=3088 l=3088 pbl=0 db=3088 inc=none cpu=280.20s parse=0.0 compile=0.5 search=279.6 emit=0.4 propag=279.2 rss=163
2011_pattern-set-mining_pattern_set_mining	UNKNOWN-LIMIT	694824	41661859	n=3119 d=1563 c=1555 l=1551 pbl=0 db=1551 inc=38 cpu=280.14s parse=0.1 compile=0.1 search=280.0 emit=0.4 propag=279.6 rss=172
2013_rubik_empty	OK-PROOF-VERIFIED	333	104	s VERIFIED SATISFIABLE n=1 d=0 c=0 l=0 pbl=0 parse=0.0 compile=0.0 search=0.0 emit=0.0 propag=0.0 rss=6
2012_parity-learning	UNKNOWN-LIMIT	56569	101578570	n=12033 d=6024 c=6008 l=6008 pbl=799 db=6807 inc=none cpu=281.39s parse=0.0 compile=0.0 search=281.4 emit=1.3 propag=280.1 rss=232
2009_vrp	UNKNOWN-LIMIT	76533	59437417	n=693 d=557 c=135 l=92 pbl=84 db=176 inc=851 cpu=281.81s parse=0.0 compile=0.1 search=281.5 emit=0.1 propag=281.4 rss=1019
2010_bacp_bacp-16	UNKNOWN-LIMIT	372809	47676820	n=5522 d=2766 c=2755 l=2755 pbl=1 db=2756 inc=none cpu=280.25s parse=0.0 compile=0.5 search=279.7 emit=0.7 propag=279.0 rss=180
2012_pattern-set-mining-k2_pattern_set_mining_k2	UNKNOWN-LIMIT	1238523	63904719	n=3317 d=1668 c=1648 l=1643 pbl=0 db=1643 inc=52 cpu=280.06s parse=0.1 compile=0.1 search=279.8 emit=0.6 propag=279.2 rss=164
2010_bacp_bacp-18	UNKNOWN-LIMIT	373527	43134937	n=6181 d=3121 c=3059 l=3059 pbl=0 db=3059 inc=none cpu=280.22s parse=0.0 compile=0.5 search=279.6 emit=0.6 propag=279.1 rss=196
2010_bacp_bacp-21	UNKNOWN-LIMIT	372371	46657323	n=5124 d=2570 c=2553 l=2553 pbl=0 db=2553 inc=none cpu=280.20s parse=0.0 compile=0.5 search=279.6 emit=0.7 propag=279.0 rss=181
2010_bacp_bacp-25	UNKNOWN-LIMIT	373630	49199951	n=8831 d=4434 c=4396 l=4396 pbl=0 db=4396 inc=none cpu=280.50s parse=0.0 compile=0.5 search=279.9 emit=0.7 propag=279.2 rss=186
2012_vrp	UNKNOWN-LIMIT	84660	56564589	n=722 d=595 c=126 l=80 pbl=72 db=152 inc=913 cpu=280.01s parse=0.0 compile=0.1 search=279.7 emit=0.1 propag=279.6 rss=1016
2011_table-layout_TableLayout	UNKNOWN-LIMIT	132700	31576750	n=366 d=346 c=19 l=16 pbl=12 db=28 inc=2530 cpu=287.14s parse=0.0 compile=0.2 search=286.6 emit=0.1 propag=286.5 rss=480
2008_pentominoes-int	TIMEOUT-SOLVE	35717	-	exceeded 300s killed-in=search n=10 d=9 c=1 l=0 pbl=0 cpu=300.05s parse=0.0 compile=0.1 rss=433
2008_shortest_path	UNKNOWN-LIMIT	25634	1027741381	n=453 d=258 c=194 l=131 pbl=112 db=243 inc=88 cpu=280.40s parse=0.0 compile=0.0 search=280.3 emit=0.6 propag=279.7 rss=1452
2011_prize-collecting_pc	TIMEOUT-SOLVE	541040	-	exceeded 300s killed-in=search n=29 d=19 c=10 l=9 pbl=0 cpu=300.05s parse=0.0 compile=3.3 rss=514
2011_vrp	TIMEOUT-SOLVE	224830	-	exceeded 300s killed-in=search n=1207 d=1175 c=32 l=8 pbl=0 cpu=300.06s parse=0.0 compile=0.4 rss=815
2011_cyclic-rcpsp_rcmsp	TIMEOUT-SOLVE	529855	-	exceeded 300s killed-in=search n=145 d=85 c=60 l=52 pbl=6 cpu=300.05s parse=0.0 compile=1.7 rss=565
2013_javarouting_trip_6_3	PROOF-REJECTED	344160	90526744	 The constraint is not implied by reverse unit propagation (RUP) from core and derived database. Rerun with the option '--trace-failed' to see the propagations.
2011_black-hole	TIMEOUT-SOLVE	2154263	-	exceeded 300s killed-in=search n=5 d=4 c=1 l=0 pbl=0 cpu=300.04s parse=0.2 compile=87.2 rss=1060
2009_black-hole	TIMEOUT-SOLVE	2158618	-	exceeded 300s killed-in=search n=12 d=11 c=0 l=0 pbl=0 cpu=300.01s parse=0.2 compile=101.3 rss=961
2011_pentominoes_pentominoes-int	TIMEOUT-SOLVE	299570	-	exceeded 300s killed-in=search n=1 d=0 c=0 l=0 pbl=0 cpu=299.99s parse=0.1 compile=5.4 rss=2580
2012_league	TIMEOUT-SOLVE	81188	-	exceeded 300s killed-in=search n=30 d=23 c=7 l=5 pbl=1 cpu=300.07s parse=0.0 compile=0.5 rss=392
2012_fast-food_fastfood	TIMEOUT-SOLVE	253220	-	exceeded 300s killed-in=search n=282 d=145 c=137 l=129 pbl=0 cpu=299.98s parse=0.0 compile=8.0 rss=3096
2012_amaze2	TIMEOUT-SOLVE	4016979	-	exceeded 300s no-stats rss=1516
2013_rubik_4-cube	OK-PROOF-VERIFIED	1120123	20374082	s VERIFIED SATISFIABLE n=1369 d=704 c=664 l=663 pbl=0 parse=0.1 compile=0.1 search=13.5 emit=0.3 propag=13.2 rss=99
2011_fast-food_fastfood	TIMEOUT-SOLVE	555014	-	exceeded 300s killed-in=search n=139 d=79 c=60 l=58 pbl=0 cpu=300.06s parse=0.0 compile=18.0 rss=6291
2009_nonogram_non	UNKNOWN-LIMIT	1893350	80655904	n=14 d=7 c=6 l=6 pbl=0 db=6 inc=none cpu=283.19s parse=0.2 compile=1.1 search=275.1 emit=0.6 propag=274.5 rss=743
2011_wwtpp-real_wwtpp	TIMEOUT-SOLVE	292223	-	exceeded 300s killed-in=search n=5 d=3 c=2 l=2 pbl=0 cpu=300.06s parse=0.0 compile=32.4 rss=9436
2014_stochastic-fjsp_fjsp-a1-s4_fjsp-t8-j2-m3-a1_det	OK-PROOF-VERIFIED	73264	1531882	s VERIFIED BOUNDS 242 <= obj <= 242 n=178 d=126 c=52 l=30 pbl=0 parse=0.0 compile=0.2 search=0.2 emit=0.0 propag=0.2 rss=55
2013_javarouting_trip_7_1	PROOF-REJECTED	481983	75340490	 The constraint is not implied by reverse unit propagation (RUP) from core and derived database. Rerun with the option '--trace-failed' to see the propagations.
2011_nonogram_non	UNKNOWN-LIMIT	1837455	77169659	n=17 d=8 c=8 l=8 pbl=0 db=8 inc=none cpu=285.19s parse=0.2 compile=1.1 search=277.5 emit=0.6 propag=276.9 rss=711
2014_stochastic-fjsp_fjsp-a1-s5_fjsp-t8-j2-m3-a1_det	OK-PROOF-VERIFIED	87100	4306437	s VERIFIED BOUNDS 328 <= obj <= 328 n=416 d=328 c=88 l=56 pbl=1 parse=0.0 compile=0.2 search=0.5 emit=0.0 propag=0.5 rss=78
2012_pattern-set-mining-k1_pattern_set_mining_k1	UNKNOWN-LIMIT	3020893	67435006	n=459 d=230 c=228 l=225 pbl=0 db=225 inc=17 cpu=282.27s parse=0.3 compile=0.6 search=281.2 emit=0.2 propag=281.0 rss=320
2014_stochastic-fjsp_fjsp-a1-s6_fjsp-t8-j2-m3-a1_det	OK-PROOF-VERIFIED	99869	6970957	s VERIFIED BOUNDS 348 <= obj <= 348 n=566 d=434 c=132 l=82 pbl=2 parse=0.0 compile=0.2 search=1.2 emit=0.0 propag=1.2 rss=103
2011_open-stacks_open_stacks_01	UNKNOWN-LIMIT	218652	170403408	n=3955 d=1997 c=1957 l=7 pbl=0 db=7 inc=8 cpu=280.11s parse=0.0 compile=0.1 search=280.0 emit=4.0 propag=276.0 rss=186
2012_nonogram_non	UNKNOWN-LIMIT	1849389	79690237	n=16 d=8 c=7 l=6 pbl=4 db=10 inc=none cpu=288.32s parse=0.2 compile=1.1 search=280.5 emit=0.6 propag=279.8 rss=736
2013_black-hole	TIMEOUT-SOLVE	2154264	-	exceeded 300s killed-in=search n=10 d=9 c=0 l=0 pbl=0 cpu=300.08s parse=0.2 compile=77.1 rss=973
2014_rectangle-packing_rect_packing	SOLVE-ERR-4	2428776	-	stats: encoding cost (M7-T1). Baguette writes every integer variable out as one stats: Boolean per value (`x >= v`) before any constraint is posted, so the size of stats: the proof follows the DECLARE
2011_solbat_sb	UNKNOWN-LIMIT	1387252	134855842	n=2661 d=1341 c=1319 l=1319 pbl=26 db=1345 inc=none cpu=280.04s parse=0.1 compile=6.6 search=273.2 emit=2.2 propag=271.0 rss=311
2011_depot-placement_depot_placement	UNKNOWN-LIMIT	35890	287017663	n=5127 d=2610 c=2516 l=2148 pbl=54 db=2202 inc=164 cpu=281.13s parse=0.0 compile=0.0 search=281.0 emit=3.0 propag=277.9 rss=291
2013_javarouting_trip_7_2	PROOF-REJECTED	468628	67532259	 The constraint is not implied by reverse unit propagation (RUP) from core and derived database. Rerun with the option '--trace-failed' to see the propagations.
2011_costas-array_CostasArray	UNKNOWN-LIMIT	40381	278790563	n=1751 d=879 c=871 l=722 pbl=194 db=916 inc=none cpu=280.05s parse=0.0 compile=0.1 search=279.8 emit=5.3 propag=274.5 rss=217
2010_costas_array_CostasArray	UNKNOWN-LIMIT	34308	294545301	n=2430 d=1218 c=1211 l=1013 pbl=259 db=1272 inc=none cpu=280.08s parse=0.0 compile=0.0 search=279.9 emit=5.7 propag=274.2 rss=211
2015_grid-colouring_GridColoring	OK-PROOF-VERIFIED	120105	10323094	s VERIFIED BOUNDS 3 <= obj <= 3 n=2350 d=1394 c=956 l=944 pbl=0 parse=0.0 compile=0.0 search=8.1 emit=0.2 propag=7.9 rss=39
2012_carpet-cutting_cc_base	TIMEOUT-SOLVE	70865017	-	exceeded 300s no-stats rss=2182
2011_carpet-cutting_cc_base	TIMEOUT-SOLVE	75225650	-	exceeded 300s no-stats rss=2288
2012_still-life-wastage_still-life	UNKNOWN-LIMIT	373115	695569333	n=4402 d=2369 c=2032 l=2025 pbl=116 db=2141 inc=42 cpu=280.22s parse=0.0 compile=0.2 search=280.0 emit=1.7 propag=278.3 rss=229
2012_project-planning_ProjectPlannertest_17_9	UNKNOWN-LIMIT	1776837	41935692	n=2101 d=1384 c=716 l=711 pbl=0 db=711 inc=100 cpu=280.15s parse=0.1 compile=16.9 search=262.6 emit=0.8 propag=261.8 rss=438
2014_solbat_sb	OK-PROOF-VERIFIED	1648112	2534437	s VERIFIED UNSATISFIABLE n=87 d=46 c=41 l=41 pbl=29 parse=0.1 compile=10.4 search=5.0 emit=0.0 propag=4.9 rss=157
2015_gfd-schedule	OK-PROOF-VERIFIED	1307683	6396079	s VERIFIED BOUNDS 1 <= obj <= 1 n=409 d=239 c=169 l=169 pbl=0 parse=0.1 compile=7.8 search=5.6 emit=0.1 propag=5.5 rss=256
2013_javarouting_trip_8_5	PROOF-REJECTED	630137	64038691	 The constraint is not implied by reverse unit propagation (RUP) from core and derived database. Rerun with the option '--trace-failed' to see the propagations.
2013_javarouting_trip_8_1	PROOF-REJECTED	630180	53898329	 The constraint is not implied by reverse unit propagation (RUP) from core and derived database. Rerun with the option '--trace-failed' to see the propagations.
2016_filters_filter	OK-PROOF-VERIFIED	76361	3758722	s VERIFIED BOUNDS 15 <= obj <= 15 n=1262 d=710 c=552 l=546 pbl=0 parse=0.0 compile=0.1 search=2.0 emit=0.1 propag=2.0 rss=54
2012_project-planning_ProjectPlannertest_13_6	UNKNOWN-LIMIT	896464	100659041	n=7011 d=4132 c=2878 l=1957 pbl=4 db=1961 inc=54 cpu=280.11s parse=0.1 compile=5.0 search=274.8 emit=1.9 propag=272.9 rss=299
2012_radiation	UNKNOWN-LIMIT	509954	146447554	n=1169 d=588 c=580 l=578 pbl=544 db=1122 inc=none cpu=280.28s parse=0.0 compile=1.0 search=278.6 emit=0.6 propag=277.9 rss=688
2012_project-planning_ProjectPlannertest_12_8	PROOF-REJECTED	781317	132070072	 The constraint is not implied by reverse unit propagation (RUP) from core and derived database. Rerun with the option '--trace-failed' to see the propagations.
2016_java-auto-gen_plusexample_6	OK-PROOF-VERIFIED	23042	5062367	s VERIFIED BOUNDS -43 <= obj <= -43 n=284 d=169 c=115 l=103 pbl=34 parse=0.0 compile=0.0 search=1.1 emit=0.0 propag=1.0 rss=24
2013_league	TIMEOUT-SOLVE	205256	-	exceeded 300s killed-in=search n=1124 d=583 c=541 l=535 pbl=97 cpu=299.99s parse=0.0 compile=16.6 rss=4307
2013_celar	UNKNOWN-LIMIT	260438	122547829	n=54 d=34 c=19 l=19 pbl=0 db=19 inc=36601 cpu=281.03s parse=0.0 compile=13.1 search=252.0 emit=0.1 propag=251.9 rss=4467
2016_maximum-dag	SOLVE-ERR-4	68255	-	stats: encoding cost (M7-T1). Baguette writes every integer variable out as one stats: Boolean per value (`x >= v`) before any constraint is posted, so the size of stats: the proof follows the DECLARE
2014_stochastic-fjsp_fjsp-a1-s2_fjsp-t15-j3-m3-a1_det	OK-PROOF-VERIFIED	199548	42064178	s VERIFIED BOUNDS 108 <= obj <= 108 n=3830 d=2484 c=1346 l=1291 pbl=23 parse=0.0 compile=0.3 search=37.1 emit=0.3 propag=36.8 rss=166
2013_mario	PROOF-REJECTED	160735	24571471	 The constraint is not implied by reverse unit propagation (RUP) from core and derived database. Rerun with the option '--trace-failed' to see the propagations.
2013_nmseq	TIMEOUT-SOLVE	3455745	-	exceeded 300s killed-in=search n=8 d=4 c=4 l=3 pbl=0 cpu=300.03s parse=0.2 compile=123.4 rss=2951
2012_project-planning_ProjectPlannertest_14_8	UNKNOWN-LIMIT	1123863	114048978	n=6686 d=3466 c=3219 l=1049 pbl=0 db=1049 inc=78 cpu=280.09s parse=0.1 compile=6.7 search=272.9 emit=2.1 propag=270.8 rss=330
2016_nfc	OK-PROOF-VERIFIED	5940	31421323	s VERIFIED BOUNDS 848 <= obj <= 848 n=129 d=66 c=63 l=12 pbl=8 parse=0.0 compile=0.0 search=11.5 emit=0.0 propag=11.5 rss=105
2012_project-planning_ProjectPlannertest_13_8	UNKNOWN-LIMIT	896919	233032578	n=16265 d=8385 c=7879 l=618 pbl=0 db=618 inc=71 cpu=280.04s parse=0.1 compile=5.0 search=274.7 emit=4.4 propag=270.4 rss=334
2013_fjsp	OK-PROOF-VERIFIED	6327016	47228954	s VERIFIED BOUNDS 253 <= obj <= 253 n=118 d=89 c=29 l=21 pbl=2 parse=11.3 compile=9.1 search=13.1 emit=0.8 propag=12.4 rss=2716
2013_rubik_5-cube	OK-PROOF-VERIFIED	1496594	82021736	s VERIFIED SATISFIABLE n=4696 d=2441 c=2254 l=2254 pbl=0 parse=0.1 compile=0.1 search=95.3 emit=1.2 propag=94.1 rss=208
2013_pattern-set-mining_pattern_set_mining	UNKNOWN-LIMIT	1800156	12077808	n=37 d=19 c=17 l=17 pbl=0 db=17 inc=0 cpu=295.15s parse=0.1 compile=0.4 search=294.4 emit=0.0 propag=294.4 rss=270
2015_roster_roster_model	OK-PROOF-VERIFIED	193139	43910617	s VERIFIED BOUNDS 0 <= obj <= 0 n=5283 d=3249 c=2033 l=2008 pbl=0 parse=0.0 compile=0.2 search=92.0 emit=0.6 propag=91.4 rss=103
2012_project-planning_ProjectPlannertest_16_7	UNKNOWN-LIMIT	1542362	230044354	n=5688 d=3056 c=2631 l=523 pbl=1 db=524 inc=82 cpu=280.03s parse=0.1 compile=13.2 search=266.3 emit=4.4 propag=261.8 rss=452
2016_gfd-schedule_gfd-schedule2	OK-PROOF-VERIFIED	2491221	129600174	s VERIFIED BOUNDS 5 <= obj <= 5 n=1561 d=873 c=688 l=666 pbl=0 parse=0.7 compile=16.0 search=69.2 emit=2.4 propag=66.8 rss=408
2013_pentominoes-int	TIMEOUT-SOLVE	299566	-	exceeded 300s killed-in=search n=1 d=0 c=0 l=0 pbl=0 cpu=300.01s parse=0.1 compile=5.5 rss=2583
2013_vrp	UNKNOWN-LIMIT	53002	149518396	n=690 d=462 c=227 l=188 pbl=179 db=367 inc=613 cpu=281.24s parse=0.0 compile=0.0 search=281.1 emit=0.1 propag=281.0 rss=1025
2014_amaze_amaze3	UNKNOWN-LIMIT	213066	62450526	n=7102 d=3839 c=3262 l=3262 pbl=1 db=3263 inc=none cpu=280.27s parse=0.0 compile=0.4 search=279.9 emit=0.9 propag=278.9 rss=177
2013_rubik_7-cube	UNKNOWN-LIMIT	2250407	127623107	n=6888 d=3618 c=3269 l=3269 pbl=0 db=3269 inc=none cpu=280.32s parse=0.2 compile=0.2 search=279.8 emit=1.7 propag=278.2 rss=358
2013_rubik_6-cube	UNKNOWN-LIMIT	1873407	140128514	n=8012 d=4165 c=3846 l=3844 pbl=0 db=3844 inc=none cpu=280.37s parse=0.1 compile=0.2 search=280.0 emit=2.0 propag=278.0 rss=316
2013_rubik_8-cube	UNKNOWN-LIMIT	2627575	129125466	n=6182 d=3239 c=2942 l=2942 pbl=0 db=2942 inc=none cpu=280.22s parse=0.2 compile=0.2 search=279.7 emit=1.8 propag=277.8 rss=357
2014_traveling-tppv_ttppv	PROOF-REJECTED	319866	162377657	 The constraint is not implied by reverse unit propagation (RUP) from core and derived database. Rerun with the option '--trace-failed' to see the propagations.
2014_spot5	PROOF-REJECTED	120503	70535041	 The constraint is not implied by reverse unit propagation (RUP) from core and derived database. Rerun with the option '--trace-failed' to see the propagations.
2013_proteindesign12_wcsp	TIMEOUT-SOLVE	1285116	-	exceeded 300s killed-in=search n=1 d=0 c=0 l=0 pbl=0 cpu=300.05s parse=0.3 compile=15.3 rss=4127
2014_cyclic-rcpsp_rcmsp	TIMEOUT-SOLVE	490392	-	exceeded 300s killed-in=search n=68 d=44 c=24 l=16 pbl=4 cpu=300.02s parse=0.0 compile=1.4 rss=570
2014_fillomino	OK-PROOF-VERIFIED	416844	159514357	s VERIFIED SATISFIABLE n=7837 d=3932 c=3904 l=3903 pbl=0 parse=0.0 compile=1.6 search=245.2 emit=2.3 propag=242.9 rss=311
2015_opd	UNKNOWN-LIMIT	9481244	50453115	n=4028 d=4023 c=4 l=4 pbl=0 db=4 inc=97 cpu=280.03s parse=29.6 compile=1.2 search=248.5 emit=0.5 propag=248.0 rss=1287
2015_spot5	PROOF-REJECTED	77976	444022121	 The constraint is not implied by reverse unit propagation (RUP) from core and derived database. Rerun with the option '--trace-failed' to see the propagations.
2013_radiation	UNKNOWN-LIMIT	235645	204799103	n=2877 d=1921 c=955 l=947 pbl=806 db=1753 inc=none cpu=280.10s parse=0.0 compile=0.3 search=279.4 emit=0.7 propag=278.7 rss=694
2014_mqueens_mqueens2	UNKNOWN-LIMIT	946142	169464490	n=7178 d=3592 c=3585 l=3583 pbl=1 db=3584 inc=7 cpu=280.41s parse=0.1 compile=0.1 search=280.2 emit=2.9 propag=277.3 rss=367
2014_ship-schedule_ship-schedule.cp	TIMEOUT-SOLVE	533358	-	exceeded 300s killed-in=search n=3 d=2 c=0 l=0 pbl=0 cpu=300.06s parse=0.1 compile=55.8 rss=11105
2015_nmseq	TIMEOUT-SOLVE	2418782	-	exceeded 300s killed-in=search n=8 d=4 c=4 l=3 pbl=0 cpu=300.02s parse=0.2 compile=68.3 rss=1826
2015_is_model	TIMEOUT-SOLVE	189274	-	exceeded 300s killed-in=search n=1 d=0 c=0 l=0 pbl=0 cpu=300.02s parse=0.0 compile=27.0 rss=8828
2015_freepizza	UNKNOWN-LIMIT	111884	92287146	n=9631 d=4831 c=4799 l=4793 pbl=0 db=4793 inc=210 cpu=280.62s parse=0.0 compile=0.1 search=280.5 emit=1.6 propag=278.9 rss=218
2015_triangular	UNKNOWN-LIMIT	53333	55329080	n=6453 d=3243 c=3209 l=3207 pbl=2940 db=6147 inc=19 cpu=281.19s parse=0.0 compile=0.0 search=281.2 emit=0.3 propag=280.9 rss=381
2014_mario	PROOF-REJECTED	160772	23785300	 The constraint is not implied by reverse unit propagation (RUP) from core and derived database. Rerun with the option '--trace-failed' to see the propagations.
2015_costas-array_CostasArray	UNKNOWN-LIMIT	46976	253059690	n=1247 d=626 c=620 l=508 pbl=105 db=613 inc=none cpu=280.13s parse=0.0 compile=0.1 search=279.8 emit=5.0 propag=274.9 rss=228
2015_cvrp	UNKNOWN-LIMIT	443086	147273495	n=824 d=429 c=394 l=392 pbl=0 db=392 inc=43 cpu=280.37s parse=0.0 compile=3.1 search=276.8 emit=3.6 propag=273.2 rss=298
2015_p1f	TIMEOUT-SOLVE	5290508	-	exceeded 300s no-stats rss=671
2015_open_stacks_open_stacks_01	UNKNOWN-LIMIT	221047	206609247	n=3957 d=2009 c=1947 l=159 pbl=0 db=159 inc=5 cpu=280.09s parse=0.0 compile=0.0 search=279.9 emit=4.8 propag=275.1 rss=171
2015_project-planning_ProjectPlannertest_15_6	UNKNOWN-LIMIT	1329442	61045129	n=2971 d=1816 c=1154 l=1114 pbl=0 db=1114 inc=76 cpu=280.04s parse=0.1 compile=10.1 search=269.5 emit=1.2 propag=268.3 rss=332
2016_java-auto-gen_projplan1_15_15	UNKNOWN-LIMIT	268864	2469976	n=304 d=179 c=124 l=124 pbl=0 db=124 inc=5 cpu=282.71s parse=0.0 compile=0.5 search=282.0 emit=0.0 propag=282.0 rss=84
2015_tdtsp	TIMEOUT-SOLVE	344623	-	exceeded 300s killed-in=search n=19 d=18 c=1 l=0 pbl=0 cpu=300.03s parse=0.0 compile=61.2 rss=11232
2014_stochastic-vrp_vrp-s3-v2-c7_vrp-v2-c7_det	UNKNOWN-LIMIT	534240	191462450	n=4643 d=2330 c=2312 l=2236 pbl=0 db=2236 inc=none cpu=280.17s parse=0.0 compile=3.8 search=275.9 emit=4.7 propag=271.2 rss=267
2014_stochastic-vrp_vrp-s2-v2-c7_vrp-v2-c7_det	UNKNOWN-LIMIT	355387	226895659	n=5636 d=2826 c=2809 l=2715 pbl=0 db=2715 inc=none cpu=280.20s parse=0.0 compile=1.7 search=278.2 emit=5.6 propag=272.6 rss=233
2016_java-auto-gen_binpack_11	UNKNOWN-LIMIT	558609	34370498	n=852 d=434 c=417 l=417 pbl=0 db=417 inc=3 cpu=281.11s parse=0.0 compile=1.9 search=278.9 emit=0.6 propag=278.3 rss=178
2016_diameterc-mst_dcmst	UNKNOWN-LIMIT	365827	121414517	n=8358 d=4189 c=4168 l=4168 pbl=0 db=4168 inc=none cpu=280.49s parse=0.0 compile=0.9 search=279.4 emit=1.5 propag=278.0 rss=285
2015_radiation	UNKNOWN-LIMIT	374094	125563588	n=1347 d=680 c=666 l=666 pbl=643 db=1309 inc=none cpu=280.19s parse=0.0 compile=0.7 search=279.0 emit=0.7 propag=278.3 rss=763
2014_multi-knapsack_mknapsack	UNKNOWN-LIMIT	8205	45925523	n=8219 d=4199 c=4019 l=4019 pbl=4002 db=8021 inc=none cpu=282.07s parse=0.0 compile=0.0 search=282.1 emit=0.3 propag=281.8 rss=408
2016_depot-placement_depot_placement	UNKNOWN-LIMIT	36024	257624733	n=5479 d=2751 c=2727 l=2391 pbl=52 db=2443 inc=164 cpu=280.13s parse=0.0 compile=0.0 search=280.0 emit=2.7 propag=277.3 rss=301
2014_stochastic-vrp_vrp-s5-v2-c8_vrp-v2-c8_det	UNKNOWN-LIMIT	1092442	108547466	n=1606 d=847 c=758 l=747 pbl=0 db=747 inc=615 cpu=280.36s parse=0.1 compile=17.7 search=261.6 emit=2.6 propag=259.0 rss=502
2014_stochastic-vrp_vrp-s3-v2-c6_vrp-v2-c6_det	UNKNOWN-LIMIT	427703	190299042	n=5818 d=2920 c=2897 l=1738 pbl=0 db=1738 inc=339 cpu=280.15s parse=0.0 compile=2.4 search=277.4 emit=4.3 propag=273.1 rss=231
2014_stochastic-vrp_vrp-s4-v2-c6_vrp-v2-c6_det	UNKNOWN-LIMIT	571214	162773475	n=4885 d=2463 c=2421 l=1667 pbl=0 db=1667 inc=388 cpu=280.12s parse=0.0 compile=4.3 search=275.4 emit=3.5 propag=271.9 rss=266
2015_project-planning_ProjectPlannertest_16_6	UNKNOWN-LIMIT	1542302	64218394	n=3526 d=2198 c=1327 l=882 pbl=3 db=885 inc=76 cpu=280.04s parse=0.1 compile=13.3 search=266.2 emit=1.2 propag=265.0 rss=391
2015_project-planning_ProjectPlannertest_12_7	UNKNOWN-LIMIT	782225	150725738	n=10493 d=5440 c=5052 l=1512 pbl=0 db=1512 inc=63 cpu=280.05s parse=0.1 compile=4.0 search=275.8 emit=2.8 propag=273.0 rss=287
2016_solbat_sb	UNKNOWN-LIMIT	1648112	53042658	n=956 d=485 c=470 l=470 pbl=33 db=503 inc=none cpu=280.54s parse=0.1 compile=9.9 search=270.3 emit=0.9 propag=269.5 rss=240
2016_prize-collecting_pc	TIMEOUT-SOLVE	671337	-	exceeded 300s killed-in=search n=30 d=20 c=10 l=9 pbl=0 cpu=300.05s parse=0.0 compile=5.2 rss=637
2017_community-detection	UNKNOWN-LIMIT	187548	65890225	n=5200 d=2675 c=2524 l=2524 pbl=6 db=2530 inc=53 cpu=280.35s parse=0.0 compile=0.3 search=280.0 emit=0.5 propag=279.5 rss=372
2016_java-auto-gen_pizza_8_3	UNKNOWN-LIMIT	810025	173238748	n=1540 d=844 c=695 l=692 pbl=53 db=745 inc=27 cpu=280.40s parse=0.1 compile=2.6 search=277.3 emit=1.2 propag=276.2 rss=490
2016_celar	UNKNOWN-LIMIT	155442	207220157	n=92 d=53 c=38 l=38 pbl=0 db=38 inc=32460 cpu=281.11s parse=0.0 compile=7.8 search=263.6 emit=0.1 propag=263.4 rss=2755
2015_project-planning_ProjectPlannertest_14_7	UNKNOWN-LIMIT	1123887	108083573	n=4738 d=2449 c=2288 l=1186 pbl=0 db=1186 inc=78 cpu=280.08s parse=0.1 compile=6.7 search=273.0 emit=1.9 propag=271.1 rss=326
2016_rcpsp-wet	UNKNOWN-LIMIT	1387105	78270672	n=533 d=300 c=232 l=190 pbl=26 db=216 inc=282 cpu=280.24s parse=0.1 compile=0.6 search=278.9 emit=0.1 propag=278.8 rss=454
2014_stochastic-fjsp_fjsp-a1-s3_fjsp-t20-j4-m3-a1_det	UNKNOWN-LIMIT	492688	50929437	n=9104 d=4688 c=4415 l=4414 pbl=12 db=4426 inc=452 cpu=280.61s parse=0.0 compile=0.9 search=278.6 emit=0.6 propag=278.0 rss=451
2019_stochastic-vrp_vrp-s4-v2-c3_svrp-v2-c3_det	OK-PROOF-VERIFIED	244164	13082795	s VERIFIED BOUNDS 117 <= obj <= 117 n=499 d=313 c=186 l=111 pbl=2 parse=0.0 compile=0.8 search=6.6 emit=0.3 propag=6.4 rss=76
2016_tpp	UNKNOWN-LIMIT	355240	261779096	n=15690 d=15077 c=612 l=577 pbl=0 db=577 inc=177 cpu=281.44s parse=0.0 compile=1.5 search=279.7 emit=6.3 propag=273.4 rss=180
2016_zephyrus	TIMEOUT-SOLVE	794856	-	exceeded 300s killed-in=search n=146 d=95 c=51 l=51 pbl=1 cpu=300.05s parse=0.1 compile=32.2 rss=8344
2015_project-planning_ProjectPlannertest_16_8	UNKNOWN-LIMIT	1545615	98195667	n=5490 d=3013 c=2476 l=598 pbl=1 db=599 inc=82 cpu=280.04s parse=0.1 compile=14.7 search=264.7 emit=2.0 propag=262.8 rss=399
2017_groupsplitter_group	TIMEOUT-SOLVE	5247567	-	exceeded 300s killed-in=search n=1 d=0 c=0 l=0 pbl=0 cpu=299.99s parse=1.7 compile=8.4 rss=4311
2017_hrc	UNKNOWN-LIMIT	507463	170431267	n=4598 d=2491 c=2106 l=2100 pbl=0 db=2100 inc=none cpu=280.12s parse=0.0 compile=0.5 search=279.6 emit=2.7 propag=276.9 rss=262
2020_bnn-planner_inventory_4_8s	OK-PROOF-VERIFIED	2700440	6345653	s VERIFIED BOUNDS 17 <= obj <= 17 n=31 d=15 c=16 l=15 pbl=0 parse=0.2 compile=0.5 search=49.4 emit=0.0 propag=49.4 rss=257
2016_java-auto-gen_routing_7	UNKNOWN-LIMIT	2015185	29828478	n=272 d=141 c=130 l=91 pbl=1 db=92 inc=118 cpu=280.79s parse=0.2 compile=29.5 search=246.5 emit=0.5 propag=246.0 rss=2081
2015_multi-knapsack_mknapsack_global	UNKNOWN-LIMIT	10067	18758444	n=1202 d=616 c=585 l=585 pbl=569 db=1154 inc=none cpu=280.21s parse=0.0 compile=0.1 search=279.9 emit=0.1 propag=279.8 rss=272
2017_jp-encoding	TIMEOUT-SOLVE	1868075	-	exceeded 300s killed-in=search n=236 d=207 c=29 l=20 pbl=0 cpu=299.98s parse=0.1 compile=73.4 rss=1657
2017_crosswords_crossword_opt	UNKNOWN-LIMIT	1040745	273615308	n=2 d=1 c=0 l=0 pbl=0 db=0 inc=none cpu=294.53s parse=0.4 compile=27.7 search=157.8 emit=0.0 propag=157.8 rss=11003
2017_ma-path-finding_mapf	TIMEOUT-SOLVE	79039351	-	exceeded 300s no-stats rss=3066
2016_mrcpsp	UNKNOWN-LIMIT	11369071	90025914	n=308 d=254 c=53 l=46 pbl=1 db=47 inc=30 cpu=280.79s parse=47.0 compile=16.0 search=203.6 emit=1.0 propag=202.7 rss=4033
2020_radiation	OK-PROOF-VERIFIED	168157	2102394	s VERIFIED BOUNDS 338 <= obj <= 338 n=119 d=67 c=52 l=43 pbl=25 parse=0.0 compile=0.2 search=1.1 emit=0.0 propag=1.1 rss=66
2018_cargo_cargo_coarsePiles	REFUSED-RESOURCE	1489195	-	baguette: warning: variable `X_INTRODUCED_61_` is declared over 14189..42000, a width of 27811.   Baguette proves what it computes, and it does that by giving every integer   variable a Boolean "order
2020_bnn-planner_sysadmin_4_2s	OK-PROOF-VERIFIED	302308	101834745	s VERIFIED BOUNDS 0 <= obj <= 0 n=1491 d=1055 c=435 l=435 pbl=0 parse=0.0 compile=0.2 search=169.3 emit=0.4 propag=169.0 rss=132
2017_opd	UNKNOWN-LIMIT	17354527	3379	n=283 d=282 c=0 l=0 pbl=0 db=0 inc=none cpu=280.06s parse=240.2 compile=2.5 search=35.7 emit=0.0 propag=35.7 rss=1337
2017_steelmillslab	UNKNOWN-LIMIT	5678645	2201958	n=6 d=5 c=0 l=0 pbl=0 db=0 inc=none cpu=280.05s parse=0.4 compile=271.5 search=0.2 emit=0.0 propag=0.2 rss=2265
2017_mario	TIMEOUT-SOLVE	515632	-	exceeded 300s killed-in=search n=814 d=813 c=1 l=0 pbl=0 cpu=300.01s parse=0.0 compile=3.4 rss=448
2017_rel2onto	UNKNOWN-LIMIT	6161288	1217589	n=3 d=2 c=0 l=0 pbl=0 db=0 inc=none cpu=280.89s parse=0.5 compile=182.1 search=77.9 emit=0.0 propag=77.9 rss=4975
2017_traveling-tppv_ttppv	PROOF-REJECTED	320091	156808195	 The constraint is not implied by reverse unit propagation (RUP) from core and derived database. Rerun with the option '--trace-failed' to see the propagations.
2020_soccer-computational_ecp	OK-PROOF-VERIFIED	782369	6582059	s VERIFIED SATISFIABLE n=406 d=355 c=50 l=50 pbl=9 parse=0.1 compile=1.6 search=10.5 emit=0.0 propag=10.4 rss=282
2017_opt-cryptanalysis_mznc2017_aes_opt	UNKNOWN-LIMIT	134269	33043567	n=1146 d=607 c=538 l=111 pbl=0 db=111 inc=24 cpu=280.06s parse=0.0 compile=0.1 search=279.5 emit=0.5 propag=278.9 rss=240
2017_rcpsp-wet	TIMEOUT-SOLVE	1235980	-	exceeded 300s killed-in=search n=3335 d=1766 c=1569 l=1002 pbl=48 cpu=300.05s parse=0.1 compile=0.6 rss=1323
2017_tdtsp	TIMEOUT-SOLVE	346219	-	exceeded 300s killed-in=search n=1 d=0 c=0 l=0 pbl=0 cpu=299.99s parse=0.0 compile=66.4 rss=11209
2018_neighbours_neighbours-rect	UNKNOWN-LIMIT	153093	94149501	n=9057 d=4609 c=4447 l=4445 pbl=7 db=4452 inc=63 cpu=280.53s parse=0.0 compile=0.0 search=280.5 emit=1.2 propag=279.3 rss=193
2017_tc-graph-color_tcgc2	UNKNOWN-LIMIT	248978	153197173	n=17302 d=8671 c=8630 l=5124 pbl=0 db=5124 inc=none cpu=280.76s parse=0.0 compile=0.7 search=280.0 emit=1.8 propag=278.1 rss=231
2018_opt-cryptanalysis_mznc2017_aes_opt	UNKNOWN-LIMIT	159503	17331556	n=615 d=346 c=268 l=95 pbl=0 db=95 inc=32 cpu=280.10s parse=0.0 compile=0.1 search=279.4 emit=0.2 propag=279.2 rss=258
2018_rotating-workforce	UNKNOWN-LIMIT	599909	33238591	n=21 d=20 c=0 l=0 pbl=0 db=0 inc=none cpu=280.99s parse=0.1 compile=29.7 search=225.1 emit=0.0 propag=225.1 rss=5838
2021_opt-cryptoanalysis_mznc2017_aes_opt	OK-PROOF-VERIFIED	33968	1128349	s VERIFIED BOUNDS 2 <= obj <= 2 n=129 d=65 c=64 l=1 pbl=0 parse=0.0 compile=0.0 search=3.6 emit=0.0 propag=3.6 rss=25
2018_gfd-schedule_gfd-schedule2	UNKNOWN-LIMIT	7782741	7092634	n=65 d=60 c=4 l=4 pbl=0 db=4 inc=2117 cpu=283.13s parse=7.5 compile=255.9 search=16.0 emit=0.1 propag=15.9 rss=1339
2019_amaze_amaze3	UNKNOWN-LIMIT	230846	67791661	n=9517 d=5070 c=4446 l=4446 pbl=1 db=4447 inc=none cpu=280.61s parse=0.0 compile=0.4 search=280.1 emit=1.2 propag=278.9 rss=177
2021_pentominoes-zayenz_pentominoes	OK-PROOF-VERIFIED	203504	17591617	s VERIFIED SATISFIABLE n=21 d=20 c=0 l=0 pbl=0 parse=0.0 compile=0.2 search=3.0 emit=0.0 propag=3.0 rss=145
2018_proteindesign12_wcsp	TIMEOUT-SOLVE	1279985	-	exceeded 300s killed-in=search n=1 d=0 c=0 l=0 pbl=0 cpu=300.08s parse=0.4 compile=4.2 rss=1919
2018_team-assignment_model	TIMEOUT-SOLVE	110399	-	exceeded 300s killed-in=search n=51 d=35 c=16 l=16 pbl=3 cpu=300.06s parse=0.0 compile=4.7 rss=1307
2021_steiner-systems	OK-PROOF-VERIFIED	858596	665056	s VERIFIED SATISFIABLE n=65 d=50 c=14 l=14 pbl=0 parse=0.1 compile=0.3 search=0.5 emit=0.0 propag=0.5 rss=52
2018_vrplc_vrplc_service	TIMEOUT-SOLVE	1215677	-	exceeded 300s killed-in=search n=23 d=15 c=8 l=7 pbl=0 cpu=300.08s parse=0.1 compile=21.1 rss=903
2019_fox-geese-corn_foxgeesecorn	UNKNOWN-LIMIT	500223	97504263	n=7117 d=4358 c=2758 l=2558 pbl=117 db=2675 inc=27 cpu=280.25s parse=0.0 compile=1.0 search=279.1 emit=1.3 propag=277.8 rss=247
2021_neighbours_neighbours-rect	OK-PROOF-VERIFIED	103195	28843132	s VERIFIED BOUNDS -39 <= obj <= -39 n=3753 d=1894 c=1859 l=1857 pbl=7 parse=0.0 compile=0.0 search=24.7 emit=0.4 propag=24.3 rss=58
2019_kidney-exchange_ccmcp	UNKNOWN-LIMIT	239517	79443112	n=2108 d=1737 c=879 l=872 pbl=1 db=873 inc=none cpu=280.14s parse=0.0 compile=0.7 search=279.2 emit=1.8 propag=277.4 rss=145
2019_accap	UNKNOWN-LIMIT	80942	132476826	n=6265 d=3372 c=2892 l=2884 pbl=39 db=2923 inc=120 cpu=280.19s parse=0.0 compile=0.1 search=280.0 emit=0.7 propag=279.2 rss=167
2019_groupsplitter_group	TIMEOUT-SOLVE	6235883	-	exceeded 300s killed-in=search n=1 d=0 c=0 l=0 pbl=0 cpu=300.09s parse=2.1 compile=10.3 rss=5738
2019_liner-sf-repositioning_fm3_0	TIMEOUT-SOLVE	65102	-	exceeded 300s killed-in=search n=1 d=0 c=0 l=0 pbl=0 cpu=300.00s parse=0.0 compile=58.9 rss=13401
2022_nfc	OK-PROOF-VERIFIED	5948	3807905	s VERIFIED BOUNDS 784 <= obj <= 784 n=103 d=65 c=38 l=15 pbl=6 parse=0.0 compile=0.0 search=0.8 emit=0.0 propag=0.8 rss=33
2019_hrc	UNKNOWN-LIMIT	547493	181215229	n=5176 d=2987 c=2188 l=2185 pbl=0 db=2185 inc=none cpu=280.59s parse=0.0 compile=0.5 search=280.0 emit=2.8 propag=277.2 rss=264
2019_code-generator_unison	TIMEOUT-SOLVE	55339463	-	exceeded 300s no-stats rss=1457
2019_steelmillslab	UNKNOWN-LIMIT	5678631	2553575	n=23 d=18 c=4 l=4 pbl=0 db=4 inc=none cpu=280.84s parse=0.4 compile=266.9 search=5.2 emit=0.0 propag=5.2 rss=2281
2019_ptv_pax_model	UNKNOWN-LIMIT	456842	57512353	n=672 d=559 c=112 l=112 pbl=45 db=157 inc=3446 cpu=296.71s parse=0.0 compile=1.2 search=295.2 emit=0.1 propag=295.2 rss=1037
2018_soccer-computational_ecp	UNKNOWN-LIMIT	660857	173244999	n=6523 d=3897 c=2625 l=2625 pbl=39 db=2664 inc=none cpu=280.21s parse=0.1 compile=1.1 search=278.3 emit=1.2 propag=277.2 rss=348
2019_rotating-workforce	TIMEOUT-SOLVE	374536	-	exceeded 300s killed-in=search n=23 d=22 c=1 l=0 pbl=0 cpu=300.08s parse=0.0 compile=7.3 rss=1465
2019_nside_full	TIMEOUT-SOLVE	29429402	-	exceeded 300s no-stats rss=808
2019_rcpsp-wet-diverse	TIMEOUT-SOLVE	10021254	-	exceeded 300s killed-in=search n=174 d=133 c=41 l=39 pbl=7 cpu=300.07s parse=0.7 compile=11.5 rss=5562
2018_seat-moving	UNKNOWN-LIMIT	1201648	188096531	n=2919 d=1486 c=1432 l=1409 pbl=1 db=1410 inc=735 cpu=280.13s parse=0.1 compile=17.2 search=262.4 emit=1.7 propag=260.7 rss=411
2019_stack-cuttingstock_stack-cutstock-cumu	UNKNOWN-LIMIT	68311	17645236	n=287 d=158 c=128 l=123 pbl=38 db=161 inc=16 cpu=292.51s parse=0.0 compile=1.3 search=289.8 emit=0.1 propag=289.7 rss=573
2019_triangular	UNKNOWN-LIMIT	53547	53650056	n=6158 d=3093 c=3064 l=3062 pbl=2857 db=5919 inc=19 cpu=281.12s parse=0.0 compile=0.0 search=281.1 emit=0.3 propag=280.8 rss=363
2020_bnn-planner_sysadmin_5_4s	UNKNOWN-LIMIT	832888	87057510	n=1392 d=1160 c=231 l=231 pbl=0 db=231 inc=none cpu=281.34s parse=0.1 compile=0.7 search=280.2 emit=0.3 propag=279.9 rss=280
2020_bnn-planner_navigation_5x5_10s	UNKNOWN-LIMIT	1203201	8896712	n=63 d=48 c=14 l=14 pbl=0 db=14 inc=none cpu=294.97s parse=0.1 compile=1.0 search=293.2 emit=0.0 propag=293.2 rss=518
2019_stochastic-vrp_vrp-s3-v2-c7_vrp-v2-c7_det	UNKNOWN-LIMIT	534240	189014592	n=4598 d=2307 c=2290 l=2217 pbl=0 db=2217 inc=none cpu=280.22s parse=0.0 compile=3.9 search=275.9 emit=4.7 propag=271.2 rss=262
2020_bnn-planner_cellda_y_10s	UNKNOWN-LIMIT	7916311	30421871	n=77 d=49 c=27 l=23 pbl=9 db=32 inc=6 cpu=295.60s parse=0.6 compile=3.8 search=289.5 emit=0.1 propag=289.4 rss=1329
2019_stochastic-vrp_vrp-s2-v2-c9_vrp-v2-c9_det	UNKNOWN-LIMIT	522021	208912320	n=2384 d=1221 c=1162 l=1129 pbl=0 db=1129 inc=353 cpu=280.06s parse=0.0 compile=3.9 search=275.7 emit=5.4 propag=270.3 rss=291
2023_pennies-opt_pennies	OK-PROOF-VERIFIED	308573	878373	s VERIFIED BOUNDS -5 <= obj <= -5 n=49 d=30 c=18 l=18 pbl=1 parse=0.0 compile=0.8 search=0.3 emit=0.0 propag=0.3 rss=70
2019_stochastic-vrp_vrp-s2-v2-c8_vrp-v2-c8_det	UNKNOWN-LIMIT	434536	234963708	n=3583 d=1812 c=1770 l=1736 pbl=0 db=1736 inc=340 cpu=280.10s parse=0.0 compile=2.7 search=277.0 emit=6.0 propag=271.0 rss=243
2019_median-string_median_string_dp	UNKNOWN-LIMIT	919756	121328381	n=4319 d=2176 c=2142 l=2142 pbl=0 db=2142 inc=12 cpu=280.25s parse=0.1 compile=5.4 search=274.4 emit=1.9 propag=272.4 rss=369
2023_speck-optimisation_SPECK-Optimisation	OK-PROOF-VERIFIED	170263	129468	s VERIFIED BOUNDS 1 <= obj <= 1 n=9 d=5 c=4 l=3 pbl=0 parse=0.0 compile=0.1 search=0.0 emit=0.0 propag=0.0 rss=15
2023_sudoku_fixed	OK-PROOF-VERIFIED	27043	885857	s VERIFIED SATISFIABLE n=1 d=0 c=0 l=0 pbl=0 parse=0.0 compile=3.3 search=0.7 emit=0.0 propag=0.7 rss=97
2019_stochastic-vrp_vrp-s5-v2-c6_vrp-v2-c6_det	UNKNOWN-LIMIT	715421	130311904	n=4073 d=2062 c=2010 l=1632 pbl=0 db=1632 inc=438 cpu=280.12s parse=0.1 compile=7.3 search=272.2 emit=3.1 propag=269.2 rss=306
2020_p1f-pjs	UNKNOWN-LIMIT	2749455	29278875	n=183 d=109 c=73 l=71 pbl=0 db=71 inc=none cpu=280.12s parse=0.2 compile=122.0 search=156.4 emit=0.7 propag=155.7 rss=587
2020_hoist-benchmark	TIMEOUT-SOLVE	115510	-	exceeded 300s killed-in=search n=4 d=3 c=1 l=1 pbl=0 cpu=300.08s parse=0.0 compile=2.0 rss=663
2020_cable_tree_wiring_ctw	UNKNOWN-LIMIT	191378	66515150	n=248 d=200 c=47 l=23 pbl=2 db=25 inc=49161 cpu=287.81s parse=0.0 compile=0.3 search=286.9 emit=1.5 propag=285.4 rss=309
2020_minimal-decision-sets_sparse_mds	UNKNOWN-LIMIT	1286664	94415861	n=1324 d=857 c=466 l=460 pbl=0 db=460 inc=113 cpu=280.27s parse=0.1 compile=3.8 search=276.1 emit=1.2 propag=274.9 rss=360
2020_code-generator_unison	TIMEOUT-SOLVE	67356449	-	exceeded 300s no-stats rss=1746
2020_collaborative-construction_macc	TIMEOUT-SOLVE	24742623	-	exceeded 300s no-stats rss=892
2020_is_model	TIMEOUT-SOLVE	251654	-	exceeded 300s killed-in=search n=1 d=0 c=0 l=0 pbl=0 cpu=300.01s parse=0.0 compile=23.9 rss=8958
2020_pentominoes_pentominoes-int	TIMEOUT-SOLVE	299570	-	exceeded 300s killed-in=search n=1 d=0 c=0 l=0 pbl=0 cpu=299.99s parse=0.1 compile=5.5 rss=2578
2018_racp	UNKNOWN-LIMIT	1424310	159528952	n=6257 d=3374 c=2882 l=2882 pbl=8 db=2890 inc=none cpu=280.23s parse=0.1 compile=0.5 search=278.9 emit=3.0 propag=276.0 rss=483
2020_pillars-and-planks_pillars-planks-solution	UNKNOWN-LIMIT	438838	119110007	n=8248 d=4203 c=4044 l=3985 pbl=31 db=4016 inc=none cpu=280.42s parse=0.0 compile=1.1 search=279.1 emit=1.8 propag=277.3 rss=246
2020_sdn-chain_model	UNKNOWN-LIMIT	4791637	1793706	n=891 d=889 c=1 l=1 pbl=0 db=1 inc=none cpu=280.07s parse=0.3 compile=97.4 search=179.8 emit=0.0 propag=179.8 rss=1267
2023_roster_roster_model	OK-PROOF-VERIFIED	332707	28617034	s VERIFIED BOUNDS 7 <= obj <= 7 n=3088 d=1853 c=1234 l=1224 pbl=0 parse=0.0 compile=0.7 search=91.8 emit=0.3 propag=91.4 rss=87
2020_skill-allocation_skill_allocation_only	UNKNOWN-LIMIT	5467546	4416557	n=135 d=99 c=35 l=35 pbl=0 db=35 inc=none cpu=280.05s parse=0.4 compile=258.4 search=17.3 emit=0.0 propag=17.3 rss=1739
2020_racp	UNKNOWN-LIMIT	971519	160848403	n=7152 d=3805 c=3346 l=3345 pbl=10 db=3355 inc=712 cpu=280.33s parse=0.1 compile=0.3 search=279.6 emit=2.8 propag=276.8 rss=400
2024_neighbours_neighbours-rect	OK-PROOF-VERIFIED	30621	245524	s VERIFIED BOUNDS -17 <= obj <= -17 n=101 d=50 c=51 l=49 pbl=3 parse=0.0 compile=0.0 search=0.0 emit=0.0 propag=0.0 rss=9
2024_monitor-placement-1id_monitor_1id	OK-PROOF-VERIFIED	47694	17167	s VERIFIED BOUNDS 52 <= obj <= 52 n=18 d=11 c=7 l=2 pbl=0 parse=0.0 compile=0.0 search=0.0 emit=0.0 propag=0.0 rss=7
2021_java-routing_trip_6_2	PROOF-REJECTED	344603	87082832	 The constraint is not implied by reverse unit propagation (RUP) from core and derived database. Rerun with the option '--trace-failed' to see the propagations.
2020_stable-goods_stable-goods-solution	PROOF-REJECTED	582495	61533414	 The constraint is not implied by reverse unit propagation (RUP) from core and derived database. Rerun with the option '--trace-failed' to see the propagations.
2021_java-routing_trip_7_4	PROOF-REJECTED	481967	72094180	 The constraint is not implied by reverse unit propagation (RUP) from core and derived database. Rerun with the option '--trace-failed' to see the propagations.
2021_java-routing_trip_7_5	PROOF-REJECTED	481952	76349135	 The constraint is not implied by reverse unit propagation (RUP) from core and derived database. Rerun with the option '--trace-failed' to see the propagations.
2024_word-equations_word_equations_01_track_123-int	OK-PROOF-VERIFIED	435	120	s VERIFIED UNSATISFIABLE n=1 d=0 c=1 l=0 pbl=0 parse=0.0 compile=0.0 search=0.0 emit=0.0 propag=0.0 rss=6
2021_java-routing_trip_8_2	PROOF-REJECTED	611660	54404153	 The constraint is not implied by reverse unit propagation (RUP) from core and derived database. Rerun with the option '--trace-failed' to see the propagations.
2020_whirlpool_whirlpool-x	TIMEOUT-SOLVE	90110	-	exceeded 300s killed-in=search n=10 d=9 c=1 l=0 pbl=0 cpu=300.05s parse=0.0 compile=0.3 rss=582
2021_community-detection	TIMEOUT-SOLVE	598052	-	exceeded 300s killed-in=search n=84 d=72 c=12 l=10 pbl=0 cpu=299.99s parse=0.0 compile=7.7 rss=1823
2021_carpet-cutting_cc_base	TIMEOUT-SOLVE	19296727	-	exceeded 300s no-stats rss=710
2021_java-routing_trip_8_3	PROOF-REJECTED	611629	57952874	 The constraint is not implied by reverse unit propagation (RUP) from core and derived database. Rerun with the option '--trace-failed' to see the propagations.
2021_monomatch	UNKNOWN-LIMIT	2832110	48043999	n=3104 d=1568 c=1535 l=1535 pbl=0 db=1535 inc=none cpu=280.10s parse=0.2 compile=0.2 search=279.5 emit=0.8 propag=278.7 rss=265
2021_peacable_queens_peaceable_queens_mznc2021	PROOF-REJECTED	559537	123591088	 The constraint is not implied by reverse unit propagation (RUP) from core and derived database. Rerun with the option '--trace-failed' to see the propagations.
2010_rcpsp_max	CHECK-ERR-0	2780908	126673649	checker exited 0 without a verdict: Running VeriPB version 3.0.2 
2021_p1f-pjs	TIMEOUT-SOLVE	5618528	-	exceeded 300s no-stats rss=662
2021_physician-scheduling	UNKNOWN-LIMIT	3657970	12998095	n=618 d=392 c=225 l=202 pbl=0 db=202 inc=none cpu=280.12s parse=0.3 compile=33.4 search=245.3 emit=0.2 propag=245.1 rss=597
2022_spot5	PROOF-REJECTED	182654	442695467	 The constraint is not implied by reverse unit propagation (RUP) from core and derived database. Rerun with the option '--trace-failed' to see the propagations.
2025_hitori	OK-PROOF-VERIFIED	554213	7479586	s VERIFIED BOUNDS -17 <= obj <= -17 n=828 d=459 c=369 l=369 pbl=0 parse=0.0 compile=1.8 search=4.4 emit=0.1 propag=4.2 rss=132
2022_generalized-peacable-queens_peaceable_queens	PROOF-REJECTED	523198	937892238	 The constraint is not implied by reverse unit propagation (RUP) from core and derived database. Rerun with the option '--trace-failed' to see the propagations.
2022_blocks-world_blocks	TIMEOUT-SOLVE	4085160	-	exceeded 300s killed-in=search n=58 d=57 c=1 l=0 pbl=0 cpu=299.98s parse=0.3 compile=89.1 rss=1891
2022_rotating-workforce-scheduling	UNKNOWN-LIMIT	485013	27175153	n=1249 d=670 c=578 l=577 pbl=2 db=579 inc=none cpu=280.33s parse=0.0 compile=1.0 search=278.8 emit=0.5 propag=278.4 rss=241
2022_diameterc-mst_dcmst	TIMEOUT-SOLVE	470040	-	exceeded 300s killed-in=search n=131 d=71 c=60 l=47 pbl=14 cpu=300.00s parse=0.1 compile=0.8 rss=430
2022_traveling-tppv_ttppv	PROOF-REJECTED	1502897	48185954	 The constraint is not implied by reverse unit propagation (RUP) from core and derived database. Rerun with the option '--trace-failed' to see the propagations.
2022_accap	UNKNOWN-LIMIT	131920	220926652	n=2285 d=1291 c=993 l=975 pbl=80 db=1055 inc=132 cpu=280.08s parse=0.0 compile=0.2 search=279.6 emit=0.6 propag=279.0 rss=219
2022_gfd-schedule_gfd-schedule2	UNKNOWN-LIMIT	7109512	13943187	n=125 d=69 c=55 l=55 pbl=0 db=55 inc=8904 cpu=280.96s parse=6.4 compile=211.6 search=59.6 emit=0.2 propag=59.5 rss=1389
2022_roster-sickness_bool-model-sickness	TIMEOUT-SOLVE	211008	-	exceeded 300s killed-in=search n=13 d=10 c=3 l=3 pbl=0 cpu=299.99s parse=0.0 compile=2.7 rss=1128
2023_chessboard	PROOF-REJECTED	442320	869190811	 The constraint is not implied by reverse unit propagation (RUP) from core and derived database. Rerun with the option '--trace-failed' to see the propagations.
2022_triangular	UNKNOWN-LIMIT	53547	54294578	n=6232 d=3130 c=3101 l=3099 pbl=2889 db=5988 inc=19 cpu=281.12s parse=0.0 compile=0.0 search=281.1 emit=0.3 propag=280.8 rss=382
2022_sudoku_opt	TIMEOUT-SOLVE	70486	-	exceeded 300s killed-in=search n=7 d=6 c=1 l=0 pbl=0 cpu=300.08s parse=0.0 compile=58.3 rss=651
2022_team-assignment_model	TIMEOUT-SOLVE	86939	-	exceeded 300s killed-in=search n=107 d=65 c=42 l=40 pbl=4 cpu=300.01s parse=0.0 compile=3.9 rss=1001
2022_yumi-static	TIMEOUT-SOLVE	1557810	-	exceeded 300s killed-in=search n=137 d=118 c=19 l=19 pbl=1 cpu=299.97s parse=0.1 compile=35.1 rss=6930
2022_stripboard	UNKNOWN-LIMIT	738774	435608761	n=1058 d=1816 c=919 l=919 pbl=6 db=925 inc=none cpu=280.38s parse=0.1 compile=3.1 search=275.5 emit=2.1 propag=273.3 rss=1486
2023_code-generator_unison	TIMEOUT-SOLVE	69451489	-	exceeded 300s no-stats rss=1811
2022_ma-path-finding_mapf	TIMEOUT-SOLVE	145340308	-	exceeded 300s no-stats rss=6537
2023_kidney-exchange_ccmcp	UNKNOWN-LIMIT	239681	62330640	n=1465 d=1201 c=668 l=567 pbl=0 db=567 inc=1069 cpu=280.11s parse=0.0 compile=0.7 search=279.2 emit=1.2 propag=278.0 rss=145
2023_evm-super-compilation_evmopt-generic	UNKNOWN-LIMIT	526343	146891512	n=9142 d=4797 c=4344 l=4312 pbl=0 db=4312 inc=none cpu=280.53s parse=0.0 compile=2.2 search=278.1 emit=2.1 propag=276.0 rss=311
2019_multi-knapsack_mknapsack_global	UNKNOWN-LIMIT	8464	46392248	n=2953 d=1483 c=1469 l=1469 pbl=1467 db=2936 inc=none cpu=280.28s parse=0.0 compile=0.1 search=280.1 emit=0.2 propag=279.9 rss=523
2021_seat-moving	UNKNOWN-LIMIT	1598003	254497184	n=3358 d=1715 c=1642 l=948 pbl=0 db=948 inc=none cpu=280.07s parse=0.1 compile=30.8 search=248.6 emit=2.4 propag=246.2 rss=496
2025_products-and-shelves_product-and-shelves	OK-PROOF-VERIFIED	2252599	12939446	s VERIFIED BOUNDS 6 <= obj <= 6 n=8040 d=7908 c=132 l=131 pbl=0 parse=0.2 compile=6.4 search=71.7 emit=0.2 propag=71.4 rss=283
2023_roster-shifts-bool_bool-model	TIMEOUT-SOLVE	3093128	-	exceeded 300s killed-in=search n=55 d=50 c=5 l=3 pbl=0 cpu=299.98s parse=0.2 compile=2.3 rss=1102
2023_gametes	UNKNOWN-LIMIT	2598994	209958290	n=9019 d=5456 c=3562 l=1175 pbl=0 db=1175 inc=none cpu=280.04s parse=0.2 compile=87.6 search=191.7 emit=3.8 propag=187.9 rss=541
2024_compression	PROOF-REJECTED	184380	168796823	 The constraint is not implied by reverse unit propagation (RUP) from core and derived database. Rerun with the option '--trace-failed' to see the propagations.
2023_vrplc_vrplc_service	TIMEOUT-SOLVE	1642930	-	exceeded 300s killed-in=search n=34 d=21 c=13 l=12 pbl=0 cpu=300.05s parse=0.1 compile=26.2 rss=916
2023_yumi-static	TIMEOUT-SOLVE	1558060	-	exceeded 300s killed-in=search n=149 d=125 c=24 l=24 pbl=0 cpu=300.00s parse=0.1 compile=37.7 rss=6903
2024_cable-tree-wiring_ctw	TIMEOUT-SOLVE	1316371	-	exceeded 300s killed-in=search n=19 d=17 c=2 l=0 pbl=0 cpu=300.02s parse=0.1 compile=23.9 rss=5204
2024_community-detection	TIMEOUT-SOLVE	226167	-	exceeded 300s killed-in=search n=130 d=110 c=20 l=18 pbl=0 cpu=300.06s parse=0.0 compile=71.8 rss=4453
2024_accap	UNKNOWN-LIMIT	89889	251904768	n=5412 d=2832 c=2579 l=2560 pbl=128 db=2688 inc=162 cpu=280.19s parse=0.0 compile=0.1 search=280.0 emit=0.8 propag=279.1 rss=201
2023_table-layout_TableLayout	UNKNOWN-LIMIT	723840	85633513	n=2881 d=2851 c=29 l=29 pbl=0 db=29 inc=9014 cpu=282.65s parse=0.1 compile=0.5 search=280.9 emit=0.2 propag=280.8 rss=552
2024_fox-geese-corn_foxgeesecorn	UNKNOWN-LIMIT	409515	69060736	n=9530 d=5620 c=3909 l=3868 pbl=7 db=3875 inc=32 cpu=280.42s parse=0.0 compile=0.8 search=279.5 emit=0.9 propag=278.5 rss=232
2024_graph-clear_graph_clear_cp	TIMEOUT-SOLVE	1342037	-	exceeded 300s killed-in=search n=4631 d=4584 c=47 l=46 pbl=41 cpu=300.05s parse=0.1 compile=5.0 rss=711
2023_valve-network	UNKNOWN-LIMIT	1630359	110772696	n=1529 d=767 c=761 l=758 pbl=0 db=758 inc=16 cpu=280.52s parse=0.1 compile=3.2 search=276.6 emit=1.5 propag=275.1 rss=419
2022_vaccine	UNKNOWN-LIMIT	900759	135482580	n=3062 d=1575 c=1486 l=1466 pbl=40 db=1506 inc=123 cpu=280.22s parse=0.1 compile=1.9 search=277.0 emit=1.9 propag=275.1 rss=520
2024_hoist-benchmark	TIMEOUT-SOLVE	433615	-	exceeded 300s killed-in=search n=103 d=56 c=47 l=47 pbl=4 cpu=300.07s parse=0.0 compile=16.5 rss=4990
2023_multi-agent-graph-coverage_graph-scan-revised	UNKNOWN-LIMIT	303713	183882857	n=1999 d=1036 c=962 l=932 pbl=0 db=932 inc=341 cpu=280.14s parse=0.0 compile=3.5 search=273.5 emit=3.9 propag=269.7 rss=943
2021_perfect_square	UNKNOWN-LIMIT	280516	95374801	n=16382 d=9205 c=7176 l=7176 pbl=0 db=7176 inc=none cpu=281.69s parse=0.0 compile=1.0 search=279.3 emit=1.1 propag=278.3 rss=639
2024_peacable_queens_peaceable_queens_mznc2021	PROOF-REJECTED	391569	137809582	 The constraint is not implied by reverse unit propagation (RUP) from core and derived database. Rerun with the option '--trace-failed' to see the propagations.
2024_portal	PROOF-REJECTED	678879	367263387	 The constraint is not implied by reverse unit propagation (RUP) from core and derived database. Rerun with the option '--trace-failed' to see the propagations.
2024_word-equations_word_equations_01_track_140-int	OK-PROOF-VERIFIED	3800610	31726459	s VERIFIED BOUNDS -3 <= obj <= -3 n=122 d=61 c=61 l=61 pbl=5 parse=0.3 compile=255.7 search=10.2 emit=0.5 propag=9.7 rss=855
2024_triangular	UNKNOWN-LIMIT	36352	50260545	n=7116 d=3569 c=3546 l=3544 pbl=3357 db=6901 inc=17 cpu=281.42s parse=0.0 compile=0.0 search=281.4 emit=0.3 propag=281.1 rss=337
2024_word-equations_word_equations_03_track_133-int	TIMEOUT-SOLVE	9345381	-	exceeded 300s no-stats rss=806
2013_rcpsp	CHECK-ERR-0	3116964	66873101	checker exited 0 without a verdict: Running VeriPB version 3.0.2 
2025_black-hole	TIMEOUT-SOLVE	2154271	-	exceeded 300s killed-in=search n=3 d=2 c=1 l=0 pbl=0 cpu=299.99s parse=0.2 compile=96.1 rss=1055
2024_word-equations_word_equations_03_track_31-int	TIMEOUT-SOLVE	24453686	-	exceeded 300s no-stats rss=793
2014_openshop	CHECK-ERR-0	200422	159528955	checker exited 0 without a verdict: Running VeriPB version 3.0.2 
2024_harmony	UNKNOWN-LIMIT	2250781	43687359	n=361 d=202 c=158 l=151 pbl=14 db=165 inc=55 cpu=280.50s parse=0.4 compile=84.5 search=161.1 emit=0.2 propag=160.9 rss=10355
2025_carpet-cutting_cc_base	TIMEOUT-SOLVE	14373663	-	exceeded 300s no-stats rss=704
2025_EchoSched_JSP0	TIMEOUT-SOLVE	607644	-	exceeded 300s killed-in=search n=152 d=147 c=5 l=4 pbl=0 cpu=300.00s parse=0.0 compile=53.2 rss=10568
2014_jp-encoding	CHECK-ERR-0	1417699	64215826	checker exited 0 without a verdict: Running VeriPB version 3.0.2 
2025_fbd1_FBD1	UNKNOWN-LIMIT	7818	382556189	n=518 d=260 c=257 l=172 pbl=98 db=270 inc=46 cpu=287.39s parse=0.0 compile=0.1 search=287.1 emit=4.4 propag=282.8 rss=509
2014_smelt	CHECK-ERR-0	14625959	76645519	checker exited 0 without a verdict: Running VeriPB version 3.0.2 
2025_is_model	TIMEOUT-SOLVE	103497	-	exceeded 300s killed-in=search n=2 d=1 c=0 l=0 pbl=0 cpu=300.07s parse=0.0 compile=6.5 rss=5985
2024_yumi-dynamic	TIMEOUT-SOLVE	186726099	-	exceeded 300s no-stats rss=5454
2025_proteindesign12_wcsp	TIMEOUT-SOLVE	1235311	-	exceeded 300s killed-in=search n=1 d=0 c=0 l=0 pbl=0 cpu=299.97s parse=0.3 compile=4.3 rss=2126
2025_ihtc-2024-kletzander_model4_opt	TIMEOUT-SOLVE	51867174	-	exceeded 300s no-stats rss=10542
2025_stripboard	TIMEOUT-SOLVE	267516	-	exceeded 300s killed-in=search n=2934 d=4217 c=2090 l=2086 pbl=5 cpu=300.08s parse=0.0 compile=0.7 rss=1308
2025_tsptw	TIMEOUT-SOLVE	329728	-	exceeded 300s killed-in=search n=189 d=102 c=87 l=86 pbl=6 cpu=300.03s parse=0.0 compile=3.1 rss=823
2025_ihtc-2024-marte_model	TIMEOUT-SOLVE	33115764	-	exceeded 300s no-stats rss=11493
2024_concert-hall-cap	UNKNOWN-LIMIT	277103	13204259	n=1057 d=714 c=342 l=330 pbl=0 db=330 inc=33347 cpu=280.90s parse=0.0 compile=0.9 search=279.3 emit=0.1 propag=279.3 rss=262
2024_word-equations_word_equations_02_track_8-int	UNKNOWN-LIMIT	3496749	92263482	n=903 d=480 c=422 l=422 pbl=17 db=439 inc=none cpu=280.16s parse=0.3 compile=224.1 search=53.4 emit=1.6 propag=51.8 rss=1113
2023_mrcpsp	UNKNOWN-LIMIT	11910214	55007911	n=149 d=116 c=32 l=31 pbl=0 db=31 inc=61 cpu=292.59s parse=85.7 compile=21.0 search=168.0 emit=0.7 propag=167.3 rss=4700
2024_tiny-cvrp_TinyCVRP_ExactlyOneSolution	UNKNOWN-LIMIT	470278	196143859	n=7032 d=4377 c=2654 l=2639 pbl=4 db=2643 inc=530 cpu=280.17s parse=0.0 compile=1.8 search=278.1 emit=3.3 propag=274.8 rss=350
2018_mapping	UNKNOWN-LIMIT	161509	47839875	n=132 d=72 c=59 l=58 pbl=18 db=76 inc=1100 cpu=280.88s parse=0.0 compile=32.9 search=209.5 emit=0.5 propag=209.0 rss=12274
2019_zephyrus	CHECK-ERR-0	785370	31131742	checker exited 0 without a verdict: Running VeriPB version 3.0.2 
2018_concert-hall-cap	CHECK-ERR-0	207367	81200109	checker exited 0 without a verdict: Running VeriPB version 3.0.2 
2024_network_50_cstr_efm_cstr	UNKNOWN-LIMIT	780592	71355179	n=1159 d=671 c=487 l=317 pbl=0 db=317 inc=2 cpu=281.17s parse=0.1 compile=0.8 search=279.2 emit=0.7 propag=278.4 rss=1308
2023_test-scheduling	CHECK-ERR-0	1068244	39413993	checker exited 0 without a verdict: Running VeriPB version 3.0.2 
2025_skill-allocation_skill_allocation_only	CHECK-ERR-0	2359757	158901395	checker exited 0 without a verdict: Running VeriPB version 3.0.2 
DONE-1790866088	331	436
