2008_debruijn_binary	OK-PROOF-VERIFIED	8596	28552	s VERIFIED SATISFIABLE n=5 d=4 c=0 l=0 pbl=0 parse=0.0 compile=0.0 search=0.0 emit=0.0 propag=0.0 rss=6
2009_rectangle-packing_rect_packing	OK-PROOF-VERIFIED	84224	38671	s VERIFIED SATISFIABLE n=17 d=11 c=5 l=5 pbl=0 parse=0.0 compile=0.0 search=0.0 emit=0.0 propag=0.0 rss=9
2009_roster_roster_model	OK-PROOF-VERIFIED	447	120	s VERIFIED UNSATISFIABLE n=1 d=0 c=1 l=0 pbl=0 parse=0.0 compile=0.0 search=0.0 emit=0.0 propag=0.0 rss=6
2009_still_life	OK-PROOF-VERIFIED	38239	1471834	s VERIFIED BOUNDS -16 <= obj <= -16 n=380 d=196 c=184 l=179 pbl=0 parse=0.0 compile=0.0 search=0.4 emit=0.0 propag=0.3 rss=12
2010_bacp_bacp-12	OK-PROOF-VERIFIED	373791	406645	s VERIFIED BOUNDS 30 <= obj <= 30 n=57 d=51 c=6 l=6 pbl=0 parse=0.0 compile=0.5 search=0.2 emit=0.0 propag=0.1 rss=30
2010_bacp_bacp-1	OK-PROOF-VERIFIED	373027	399139	s VERIFIED BOUNDS 28 <= obj <= 28 n=54 d=46 c=8 l=8 pbl=0 parse=0.0 compile=0.5 search=0.3 emit=0.0 propag=0.3 rss=30
2010_bacp_bacp-8	OK-PROOF-VERIFIED	373675	538515	s VERIFIED BOUNDS 30 <= obj <= 30 n=169 d=152 c=17 l=17 pbl=0 parse=0.0 compile=0.5 search=0.3 emit=0.0 propag=0.3 rss=34
2008_search_stress	OK-PROOF-VERIFIED	4187	8799890	s VERIFIED UNSATISFIABLE n=10367 d=5183 c=5184 l=0 pbl=0 parse=0.0 compile=0.0 search=0.9 emit=0.1 propag=0.8 rss=12
2010_bacp_bacp-2	OK-PROOF-VERIFIED	373303	751106	s VERIFIED BOUNDS 29 <= obj <= 29 n=81 d=51 c=29 l=29 pbl=0 parse=0.0 compile=0.5 search=0.6 emit=0.0 propag=0.6 rss=34
2011_bacp_bacp-9	OK-PROOF-VERIFIED	373429	1036120	s VERIFIED BOUNDS 38 <= obj <= 38 n=265 d=214 c=51 l=51 pbl=0 parse=0.0 compile=0.5 search=0.6 emit=0.0 propag=0.6 rss=39
2008_trucking	OK-PROOF-VERIFIED	4441	2809493	s VERIFIED BOUNDS 220 <= obj <= 220 n=2392 d=1469 c=923 l=921 pbl=0 parse=0.0 compile=0.0 search=1.6 emit=0.0 propag=1.5 rss=18
2009_search_stress2	OK-PROOF-VERIFIED	3924	10023755	s VERIFIED UNSATISFIABLE n=10079 d=5039 c=5040 l=0 pbl=0 parse=0.0 compile=0.0 search=1.0 emit=0.1 propag=0.8 rss=15
2010_bacp_bacp-4	OK-PROOF-VERIFIED	374308	1469581	s VERIFIED BOUNDS 44 <= obj <= 44 n=310 d=245 c=65 l=65 pbl=0 parse=0.0 compile=0.5 search=0.8 emit=0.0 propag=0.7 rss=40
2010_bacp_bacp-6	OK-PROOF-VERIFIED	373270	936012	s VERIFIED BOUNDS 26 <= obj <= 26 n=176 d=119 c=57 l=57 pbl=0 parse=0.0 compile=0.5 search=1.2 emit=0.0 propag=1.2 rss=39
2010_bacp_bacp-11	OK-PROOF-VERIFIED	373180	748033	s VERIFIED BOUNDS 30 <= obj <= 30 n=139 d=95 c=44 l=44 pbl=0 parse=0.0 compile=0.5 search=2.8 emit=0.0 propag=2.8 rss=39
2008_slow_convergence	OK-PROOF-VERIFIED	111561	1260292	s VERIFIED SATISFIABLE n=103 d=102 c=0 l=0 pbl=0 parse=0.0 compile=1.6 search=0.1 emit=0.0 propag=0.1 rss=375
2009_fillomino	OK-PROOF-VERIFIED	248322	8249246	s VERIFIED SATISFIABLE n=558 d=289 c=268 l=268 pbl=0 parse=0.0 compile=0.5 search=2.1 emit=0.1 propag=1.9 rss=54
2011_fillomino	OK-PROOF-VERIFIED	247388	8249246	s VERIFIED SATISFIABLE n=558 d=289 c=268 l=268 pbl=0 parse=0.0 compile=0.5 search=2.0 emit=0.1 propag=1.9 rss=54
2012_mspsp	OK-PROOF-VERIFIED	866877	2232260	s VERIFIED BOUNDS 15 <= obj <= 15 n=212 d=186 c=26 l=22 pbl=0 parse=0.2 compile=0.2 search=1.9 emit=0.0 propag=1.8 rss=105
2010_filters_filter	OK-PROOF-VERIFIED	76360	3756885	s VERIFIED BOUNDS 15 <= obj <= 15 n=1247 d=695 c=552 l=546 pbl=0 parse=0.0 compile=0.1 search=2.0 emit=0.1 propag=1.9 rss=54
2008_radiation	OK-PROOF-VERIFIED	180625	9717862	s VERIFIED BOUNDS 370 <= obj <= 370 n=874 d=569 c=305 l=297 pbl=0 parse=0.0 compile=0.2 search=3.0 emit=0.2 propag=2.9 rss=73
2008_nmseq	OK-PROOF-VERIFIED	139332	4906081	s VERIFIED SATISFIABLE n=127 d=64 c=62 l=62 pbl=0 parse=0.0 compile=0.2 search=6.3 emit=0.1 propag=6.3 rss=37
2012_filters_filter	OK-PROOF-VERIFIED	63616	7242662	s VERIFIED BOUNDS 18 <= obj <= 18 n=2675 d=1399 c=1276 l=1274 pbl=0 parse=0.0 compile=0.1 search=6.2 emit=0.1 propag=6.1 rss=64
2013_filters_filter	OK-PROOF-VERIFIED	120751	1351011	s VERIFIED BOUNDS 10 <= obj <= 10 n=945 d=823 c=122 l=122 pbl=0 parse=0.0 compile=0.1 search=0.6 emit=0.0 propag=0.5 rss=46
2011_roster_roster_model	OK-PROOF-VERIFIED	500257	1699485	s VERIFIED BOUNDS 18 <= obj <= 18 n=598 d=402 c=196 l=196 pbl=0 parse=0.0 compile=1.4 search=10.1 emit=0.0 propag=10.1 rss=88
2013_javarouting_empty	OK-PROOF-VERIFIED	344	104	s VERIFIED SATISFIABLE n=1 d=0 c=0 l=0 pbl=0 parse=0.0 compile=0.0 search=0.0 emit=0.0 propag=0.0 rss=6
2010_grid_colouring_GridColoring	OK-PROOF-VERIFIED	102443	16799660	s VERIFIED BOUNDS 3 <= obj <= 3 n=3090 d=1673 c=1417 l=1407 pbl=0 parse=0.0 compile=0.0 search=14.8 emit=0.3 propag=14.5 rss=51
2011_grid-colouring_GridColoring	OK-PROOF-VERIFIED	102443	16799660	s VERIFIED BOUNDS 3 <= obj <= 3 n=3090 d=1673 c=1417 l=1407 pbl=0 parse=0.0 compile=0.0 search=14.9 emit=0.3 propag=14.6 rss=51
2010_bacp_bacp-10	OK-PROOF-VERIFIED	372856	5483816	s VERIFIED BOUNDS 26 <= obj <= 26 n=704 d=391 c=312 l=312 pbl=0 parse=0.0 compile=0.5 search=18.2 emit=0.1 propag=18.2 rss=54
2008_shortest_path	OK-PROOF-VERIFIED	25633	11820403	s VERIFIED BOUNDS 88 <= obj <= 88 n=2093 d=1143 c=950 l=887 pbl=0 parse=0.0 compile=0.0 search=17.8 emit=0.1 propag=17.7 rss=60
2012_tpp	OK-PROOF-VERIFIED	188387	38523542	s VERIFIED BOUNDS 190 <= obj <= 190 n=4843 d=4294 c=549 l=512 pbl=0 parse=0.0 compile=0.4 search=17.2 emit=0.6 propag=16.6 rss=64
2009_open_stacks_open_stacks_01	OK-PROOF-VERIFIED	205693	45543868	s VERIFIED BOUNDS 9 <= obj <= 9 n=2211 d=1114 c=1097 l=489 pbl=0 parse=0.0 compile=0.0 search=28.1 emit=0.9 propag=27.3 rss=70
2012_amaze	OK-PROOF-VERIFIED	127765	33108736	s VERIFIED BOUNDS 481 <= obj <= 481 n=2567 d=1309 c=1258 l=1258 pbl=0 parse=0.0 compile=0.1 search=25.6 emit=0.3 propag=25.2 rss=64
2010_sugiyama_sugiyama2	OK-PROOF-VERIFIED	66596	60381970	s VERIFIED BOUNDS 2 <= obj <= 2 n=4778 d=2397 c=2381 l=1951 pbl=0 parse=0.0 compile=0.0 search=33.9 emit=1.3 propag=32.6 rss=69
2008_rcpsp	OK-PROOF-VERIFIED	3635421	17661504	s VERIFIED BOUNDS 53 <= obj <= 53 n=246 d=158 c=88 l=80 pbl=0 parse=0.2 compile=3.2 search=14.1 emit=0.3 propag=13.8 rss=1158
2012_solbat_sb	OK-PROOF-VERIFIED	1387250	41651848	s VERIFIED SATISFIABLE n=702 d=368 c=333 l=333 pbl=0 parse=0.1 compile=6.6 search=54.8 emit=0.7 propag=54.1 rss=187
2010_solbat_sb	OK-PROOF-VERIFIED	1387249	37984975	s VERIFIED SATISFIABLE n=736 d=372 c=363 l=363 pbl=0 parse=0.1 compile=6.5 search=94.0 emit=0.6 propag=93.4 rss=204
2013_nonogram_non	OK-PROOF-VERIFIED	118425	58059411	s VERIFIED SATISFIABLE n=1305 d=655 c=649 l=230 pbl=0 parse=0.0 compile=0.0 search=156.8 emit=2.0 propag=154.8 rss=103
2013_radiation	OK-PROOF-VERIFIED	235644	49346004	s VERIFIED BOUNDS 635 <= obj <= 635 n=5266 d=3659 c=1607 l=1598 pbl=0 parse=0.0 compile=0.3 search=30.7 emit=0.9 propag=29.8 rss=174
2011_bacp_bacp-22	UNKNOWN-LIMIT	373107	22480235	n=5166 d=2590 c=2575 l=2575 pbl=0 db=2575 inc=none cpu=280.17s parse=0.0 compile=0.5 search=279.6 emit=0.3 propag=279.3 rss=118
2010_bacp_bacp-23	UNKNOWN-LIMIT	372797	38222279	n=5797 d=2902 c=2894 l=2894 pbl=0 db=2894 inc=none cpu=280.21s parse=0.0 compile=0.5 search=279.6 emit=0.5 propag=279.1 rss=213
2011_bacp_bacp-24	UNKNOWN-LIMIT	373442	27517033	n=5608 d=2812 c=2795 l=2795 pbl=0 db=2795 inc=none cpu=280.16s parse=0.0 compile=0.5 search=279.6 emit=0.3 propag=279.2 rss=135
2011_bacp_bacp-28	UNKNOWN-LIMIT	372205	25709975	n=6068 d=3042 c=3025 l=3025 pbl=0 db=3025 inc=none cpu=280.21s parse=0.0 compile=0.5 search=279.6 emit=0.4 propag=279.3 rss=132
2011_bacp_bacp-19	UNKNOWN-LIMIT	372853	35281062	n=5203 d=2605 c=2597 l=2597 pbl=0 db=2597 inc=none cpu=280.16s parse=0.0 compile=0.5 search=279.6 emit=0.5 propag=279.1 rss=182
2010_bacp_bacp-14	UNKNOWN-LIMIT	373154	35168617	n=5980 d=2999 c=2980 l=2980 pbl=0 db=2980 inc=none cpu=280.20s parse=0.0 compile=0.5 search=279.6 emit=0.5 propag=279.1 rss=184
2010_bacp_bacp-27	UNKNOWN-LIMIT	372844	32328708	n=6284 d=3169 c=3114 l=3114 pbl=0 db=3114 inc=none cpu=280.25s parse=0.0 compile=0.5 search=279.7 emit=0.4 propag=279.3 rss=165
2013_rubik_empty	OK-PROOF-VERIFIED	332	104	s VERIFIED SATISFIABLE n=1 d=0 c=0 l=0 pbl=0 parse=0.0 compile=0.0 search=0.0 emit=0.0 propag=0.0 rss=6
2011_pattern-set-mining_pattern_set_mining	UNKNOWN-LIMIT	694823	41611722	n=3111 d=1559 c=1551 l=1547 pbl=0 db=1547 inc=38 cpu=280.07s parse=0.1 compile=0.1 search=279.9 emit=0.3 propag=279.5 rss=172
2012_amaze2	UNKNOWN-LIMIT	4016978	4438714	n=122 d=81 c=40 l=40 pbl=0 db=40 inc=none cpu=280.04s parse=0.3 compile=269.2 search=4.9 emit=0.1 propag=4.8 rss=1814
2012_parity-learning	UNKNOWN-LIMIT	56568	107385721	n=13070 d=6540 c=6529 l=6529 pbl=0 db=6529 inc=none cpu=281.29s parse=0.0 compile=0.0 search=281.3 emit=1.4 propag=279.9 rss=228
2012_pattern-set-mining-k2_pattern_set_mining_k2	UNKNOWN-LIMIT	1238522	64430784	n=3339 d=1679 c=1659 l=1654 pbl=0 db=1654 inc=52 cpu=280.26s parse=0.1 compile=0.1 search=280.0 emit=0.6 propag=279.4 rss=168
2010_bacp_bacp-25	UNKNOWN-LIMIT	373629	49561496	n=8903 d=4468 c=4434 l=4434 pbl=0 db=4434 inc=none cpu=280.51s parse=0.0 compile=0.5 search=279.9 emit=0.8 propag=279.2 rss=184
2010_bacp_bacp-16	UNKNOWN-LIMIT	372808	47093590	n=5472 d=2743 c=2728 l=2728 pbl=0 db=2728 inc=none cpu=280.20s parse=0.0 compile=0.5 search=279.6 emit=0.7 propag=279.0 rss=175
2010_bacp_bacp-21	UNKNOWN-LIMIT	372370	49194626	n=5478 d=2746 c=2731 l=2731 pbl=0 db=2731 inc=none cpu=280.23s parse=0.0 compile=0.5 search=279.7 emit=0.7 propag=279.0 rss=190
2010_bacp_bacp-18	UNKNOWN-LIMIT	373526	44427894	n=6320 d=3193 c=3126 l=3126 pbl=0 db=3126 inc=none cpu=280.27s parse=0.0 compile=0.5 search=279.7 emit=0.6 propag=279.1 rss=201
2009_vrp	UNKNOWN-LIMIT	76532	97461331	n=7423 d=3970 c=3452 l=3330 pbl=0 db=3330 inc=786 cpu=280.39s parse=0.0 compile=0.1 search=280.1 emit=0.4 propag=279.7 rss=520
2013_javarouting_trip_6_3	PROOF-REJECTED	344159	90891326	 The constraint is not implied by reverse unit propagation (RUP) from core and derived database. Rerun with the option '--trace-failed' to see the propagations.
2009_black-hole	UNKNOWN-LIMIT	2158617	8290999	n=13 d=12 c=0 l=0 pbl=0 db=0 inc=none cpu=294.40s parse=0.2 compile=77.2 search=213.5 emit=0.0 propag=213.5 rss=976
2013_javarouting_trip_7_2	PROOF-REJECTED	468627	69531217	 The constraint is not implied by reverse unit propagation (RUP) from core and derived database. Rerun with the option '--trace-failed' to see the propagations.
2012_vrp	UNKNOWN-LIMIT	84659	98359416	n=6825 d=3705 c=3119 l=2974 pbl=0 db=2974 inc=848 cpu=280.29s parse=0.0 compile=0.1 search=279.9 emit=0.3 propag=279.6 rss=535
2008_pentominoes-int	TIMEOUT-SOLVE	35716	-	exceeded 300s killed-in=search n=10 d=9 c=1 l=0 pbl=0 cpu=299.99s parse=0.0 compile=0.1 rss=449
2013_javarouting_trip_7_1	PROOF-REJECTED	481982	74569328	 The constraint is not implied by reverse unit propagation (RUP) from core and derived database. Rerun with the option '--trace-failed' to see the propagations.
2013_rubik_4-cube	OK-PROOF-VERIFIED	1120122	20374082	s VERIFIED SATISFIABLE n=1369 d=704 c=664 l=663 pbl=0 parse=0.1 compile=0.1 search=14.1 emit=0.3 propag=13.7 rss=99
2011_black-hole	TIMEOUT-SOLVE	2154262	-	exceeded 300s killed-in=search n=5 d=4 c=1 l=0 pbl=0 cpu=300.00s parse=0.2 compile=82.1 rss=1072
2011_pentominoes_pentominoes-int	TIMEOUT-SOLVE	299569	-	exceeded 300s killed-in=search n=1 d=0 c=0 l=0 pbl=0 cpu=300.07s parse=0.1 compile=5.5 rss=2582
2012_still-life-wastage_still-life	UNKNOWN-LIMIT	373114	132035810	n=8124 d=4253 c=3870 l=3852 pbl=0 db=3852 inc=43 cpu=280.51s parse=0.0 compile=0.2 search=280.3 emit=2.1 propag=278.2 rss=220
2011_nonogram_non	UNKNOWN-LIMIT	1837454	77169659	n=17 d=8 c=8 l=8 pbl=0 db=8 inc=none cpu=283.72s parse=0.2 compile=1.1 search=276.2 emit=0.6 propag=275.5 rss=715
2014_stochastic-fjsp_fjsp-a1-s4_fjsp-t8-j2-m3-a1_det	OK-PROOF-VERIFIED	73263	1531882	s VERIFIED BOUNDS 242 <= obj <= 242 n=178 d=126 c=52 l=30 pbl=0 parse=0.0 compile=0.2 search=0.1 emit=0.0 propag=0.1 rss=54
2014_stochastic-fjsp_fjsp-a1-s5_fjsp-t8-j2-m3-a1_det	OK-PROOF-VERIFIED	87099	4295597	s VERIFIED BOUNDS 328 <= obj <= 328 n=416 d=328 c=88 l=56 pbl=0 parse=0.0 compile=0.2 search=0.4 emit=0.0 propag=0.3 rss=78
2011_solbat_sb	UNKNOWN-LIMIT	1387251	131500301	n=2749 d=1383 c=1365 l=1365 pbl=0 db=1365 inc=none cpu=280.06s parse=0.1 compile=6.6 search=273.2 emit=2.2 propag=271.1 rss=310
2014_stochastic-fjsp_fjsp-a1-s6_fjsp-t8-j2-m3-a1_det	OK-PROOF-VERIFIED	99868	5536135	s VERIFIED BOUNDS 348 <= obj <= 348 n=566 d=434 c=132 l=82 pbl=0 parse=0.0 compile=0.2 search=0.5 emit=0.0 propag=0.5 rss=94
2012_nonogram_non	UNKNOWN-LIMIT	1849388	79675364	n=16 d=8 c=7 l=6 pbl=0 db=6 inc=none cpu=285.11s parse=0.2 compile=1.1 search=277.5 emit=0.6 propag=276.8 rss=736
2012_pattern-set-mining-k1_pattern_set_mining_k1	UNKNOWN-LIMIT	3020892	67284378	n=457 d=229 c=227 l=224 pbl=0 db=224 inc=17 cpu=282.39s parse=0.3 compile=0.6 search=281.3 emit=0.2 propag=281.1 rss=319
2013_javarouting_trip_8_5	PROOF-REJECTED	630136	65827922	 The constraint is not implied by reverse unit propagation (RUP) from core and derived database. Rerun with the option '--trace-failed' to see the propagations.
2013_javarouting_trip_8_1	PROOF-REJECTED	630179	56443297	 The constraint is not implied by reverse unit propagation (RUP) from core and derived database. Rerun with the option '--trace-failed' to see the propagations.
2011_open-stacks_open_stacks_01	UNKNOWN-LIMIT	218651	176071243	n=4095 d=2066 c=2028 l=7 pbl=0 db=7 inc=8 cpu=280.06s parse=0.0 compile=0.1 search=279.9 emit=4.0 propag=276.0 rss=186
2010_costas_array_CostasArray	UNKNOWN-LIMIT	34307	300991797	n=2599 d=1303 c=1295 l=1048 pbl=0 db=1048 inc=none cpu=280.07s parse=0.0 compile=0.0 search=279.9 emit=6.2 propag=273.7 rss=193
2013_black-hole	TIMEOUT-SOLVE	2154263	-	exceeded 300s killed-in=search n=10 d=9 c=0 l=0 pbl=0 cpu=300.05s parse=0.2 compile=85.0 rss=964
2011_costas-array_CostasArray	UNKNOWN-LIMIT	40380	267720910	n=1682 d=844 c=837 l=690 pbl=0 db=690 inc=none cpu=280.46s parse=0.0 compile=0.1 search=280.2 emit=5.7 propag=274.5 rss=195
2012_project-planning_ProjectPlannertest_17_9	UNKNOWN-LIMIT	1776836	44188145	n=2182 d=1438 c=743 l=738 pbl=0 db=738 inc=100 cpu=280.32s parse=0.1 compile=16.5 search=263.1 emit=0.8 propag=262.3 rss=441
2009_nonogram_non	UNKNOWN-LIMIT	1893349	80996974	n=15 d=7 c=7 l=7 pbl=0 db=7 inc=none cpu=292.79s parse=0.2 compile=1.1 search=285.0 emit=0.6 propag=284.4 rss=746
2011_prize-collecting_pc	UNKNOWN-LIMIT	541039	9247731	n=30 d=19 c=10 l=10 pbl=0 db=10 inc=23 cpu=295.84s parse=0.0 compile=3.3 search=292.0 emit=0.1 propag=291.9 rss=514
2015_grid-colouring_GridColoring	OK-PROOF-VERIFIED	120104	10323094	s VERIFIED BOUNDS 3 <= obj <= 3 n=2350 d=1394 c=956 l=944 pbl=0 parse=0.0 compile=0.0 search=7.6 emit=0.2 propag=7.4 rss=37
2012_carpet-cutting_cc_base	TIMEOUT-SOLVE	70865016	-	exceeded 300s no-stats rss=2182
2011_carpet-cutting_cc_base	TIMEOUT-SOLVE	75225649	-	exceeded 300s no-stats rss=2288
2015_gfd-schedule	OK-PROOF-VERIFIED	1307682	6396079	s VERIFIED BOUNDS 1 <= obj <= 1 n=409 d=239 c=169 l=169 pbl=0 parse=0.1 compile=7.2 search=5.0 emit=0.1 propag=4.9 rss=256
2011_depot-placement_depot_placement	UNKNOWN-LIMIT	35889	354357505	n=7688 d=3891 c=3796 l=3321 pbl=0 db=3321 inc=164 cpu=280.30s parse=0.0 compile=0.0 search=280.1 emit=4.0 propag=276.1 rss=346
2012_project-planning_ProjectPlannertest_13_6	UNKNOWN-LIMIT	896463	99041029	n=6949 d=4102 c=2846 l=1925 pbl=0 db=1925 inc=54 cpu=280.08s parse=0.1 compile=5.0 search=274.8 emit=1.9 propag=272.9 rss=295
2012_project-planning_ProjectPlannertest_12_8	PROOF-REJECTED	781316	132775946	 The constraint is not implied by reverse unit propagation (RUP) from core and derived database. Rerun with the option '--trace-failed' to see the propagations.
2013_mario	PROOF-REJECTED	160734	25673999	 The constraint is not implied by reverse unit propagation (RUP) from core and derived database. Rerun with the option '--trace-failed' to see the propagations.
2013_nmseq	TIMEOUT-SOLVE	3455744	-	exceeded 300s killed-in=search n=8 d=4 c=4 l=3 pbl=0 cpu=300.03s parse=0.2 compile=127.4 rss=2953
2014_stochastic-fjsp_fjsp-a1-s2_fjsp-t15-j3-m3-a1_det	OK-PROOF-VERIFIED	199547	33238406	s VERIFIED BOUNDS 108 <= obj <= 108 n=3829 d=2484 c=1345 l=1290 pbl=0 parse=0.0 compile=0.3 search=21.8 emit=0.3 propag=21.5 rss=156
2013_pattern-set-mining_pattern_set_mining	UNKNOWN-LIMIT	1800155	12077808	n=37 d=19 c=17 l=17 pbl=0 db=17 inc=0 cpu=289.36s parse=0.1 compile=0.4 search=288.7 emit=0.0 propag=288.6 rss=270
2011_table-layout_TableLayout	UNKNOWN-LIMIT	132699	25584166	n=1341 d=980 c=360 l=67 pbl=0 db=67 inc=2455 cpu=280.10s parse=0.0 compile=0.2 search=279.5 emit=0.2 propag=279.4 rss=264
2013_pentominoes-int	TIMEOUT-SOLVE	299565	-	exceeded 300s killed-in=search n=1 d=0 c=0 l=0 pbl=0 cpu=299.99s parse=0.1 compile=5.4 rss=2581
2013_fjsp	OK-PROOF-VERIFIED	6327015	47236144	s VERIFIED BOUNDS 253 <= obj <= 253 n=118 d=89 c=29 l=21 pbl=0 parse=11.3 compile=9.1 search=12.5 emit=0.8 propag=11.7 rss=2718
2016_filters_filter	OK-PROOF-VERIFIED	76360	3758722	s VERIFIED BOUNDS 15 <= obj <= 15 n=1262 d=710 c=552 l=546 pbl=0 parse=0.0 compile=0.1 search=2.0 emit=0.1 propag=1.9 rss=54
2012_project-planning_ProjectPlannertest_14_8	UNKNOWN-LIMIT	1123862	125976130	n=7265 d=3757 c=3507 l=1052 pbl=0 db=1052 inc=78 cpu=280.07s parse=0.1 compile=6.7 search=273.0 emit=2.4 propag=270.6 rss=335
2013_rubik_5-cube	OK-PROOF-VERIFIED	1496593	82021736	s VERIFIED SATISFIABLE n=4696 d=2441 c=2254 l=2254 pbl=0 parse=0.1 compile=0.1 search=89.4 emit=1.2 propag=88.2 rss=207
2012_radiation	UNKNOWN-LIMIT	509953	98527612	n=8167 d=4263 c=3903 l=3903 pbl=0 db=3903 inc=none cpu=280.43s parse=0.0 compile=1.0 search=278.7 emit=1.5 propag=277.2 rss=435
2012_project-planning_ProjectPlannertest_13_8	UNKNOWN-LIMIT	896918	229235297	n=15978 d=8232 c=7745 l=602 pbl=0 db=602 inc=71 cpu=280.01s parse=0.1 compile=5.0 search=274.7 emit=4.2 propag=270.5 rss=329
2013_proteindesign12_wcsp	TIMEOUT-SOLVE	1285115	-	exceeded 300s killed-in=search n=1 d=0 c=0 l=0 pbl=0 cpu=300.01s parse=0.3 compile=14.7 rss=4128
2012_project-planning_ProjectPlannertest_16_7	UNKNOWN-LIMIT	1542361	228902833	n=5665 d=3044 c=2620 l=523 pbl=0 db=523 inc=82 cpu=280.05s parse=0.1 compile=13.0 search=266.5 emit=4.5 propag=262.0 rss=453
2015_roster_roster_model	OK-PROOF-VERIFIED	193138	43910617	s VERIFIED BOUNDS 0 <= obj <= 0 n=5283 d=3249 c=2033 l=2008 pbl=0 parse=0.0 compile=0.2 search=93.4 emit=0.6 propag=92.8 rss=103
2016_gfd-schedule_gfd-schedule2	OK-PROOF-VERIFIED	2491220	129600174	s VERIFIED BOUNDS 5 <= obj <= 5 n=1561 d=873 c=688 l=666 pbl=0 parse=0.7 compile=13.5 search=60.9 emit=2.4 propag=58.5 rss=409
2014_amaze_amaze3	UNKNOWN-LIMIT	213065	62343535	n=7095 d=3836 c=3258 l=3258 pbl=0 db=3258 inc=none cpu=280.27s parse=0.0 compile=0.4 search=279.8 emit=0.9 propag=279.0 rss=177
2014_fillomino	OK-PROOF-VERIFIED	416843	159514357	s VERIFIED SATISFIABLE n=7837 d=3932 c=3904 l=3903 pbl=0 parse=0.0 compile=1.6 search=237.0 emit=2.3 propag=234.7 rss=310
2013_vrp	UNKNOWN-LIMIT	53001	72946920	n=10545 d=5571 c=4973 l=4913 pbl=0 db=4913 inc=520 cpu=280.72s parse=0.0 compile=0.0 search=280.6 emit=0.4 propag=280.2 rss=337
2014_multi-knapsack_mknapsack	UNKNOWN-LIMIT	8204	61671811	n=17552 d=8831 c=8720 l=8720 pbl=0 db=8720 inc=none cpu=282.33s parse=0.0 compile=0.0 search=282.3 emit=0.5 propag=281.8 rss=298
2013_rubik_6-cube	UNKNOWN-LIMIT	1873406	138972936	n=7962 d=4140 c=3821 l=3819 pbl=0 db=3819 inc=none cpu=280.43s parse=0.1 compile=0.2 search=280.0 emit=1.9 propag=278.1 rss=313
2013_rubik_7-cube	UNKNOWN-LIMIT	2250406	129960411	n=7023 d=3691 c=3331 l=3331 pbl=0 db=3331 inc=none cpu=280.27s parse=0.2 compile=0.2 search=279.8 emit=1.7 propag=278.0 rss=362
2013_rubik_8-cube	UNKNOWN-LIMIT	2627574	131371087	n=6298 d=3299 c=2998 l=2998 pbl=0 db=2998 inc=none cpu=280.26s parse=0.2 compile=0.2 search=279.7 emit=1.9 propag=277.8 rss=361
2014_spot5	PROOF-REJECTED	120502	287808013	 The constraint is not implied by reverse unit propagation (RUP) from core and derived database. Rerun with the option '--trace-failed' to see the propagations.
2014_traveling-tppv_ttppv	PROOF-REJECTED	319865	161949465	 The constraint is not implied by reverse unit propagation (RUP) from core and derived database. Rerun with the option '--trace-failed' to see the propagations.
2014_solbat_sb	UNKNOWN-LIMIT	1648111	87630519	n=1796 d=907 c=888 l=888 pbl=0 db=888 inc=none cpu=280.08s parse=0.1 compile=10.3 search=269.5 emit=1.4 propag=268.0 rss=271
2015_opd	UNKNOWN-LIMIT	9481243	50454255	n=4123 d=4118 c=4 l=4 pbl=0 db=4 inc=97 cpu=280.01s parse=30.1 compile=1.1 search=248.0 emit=0.4 propag=247.6 rss=1283
2014_ship-schedule_ship-schedule.cp	TIMEOUT-SOLVE	533357	-	exceeded 300s killed-in=search n=3 d=2 c=0 l=0 pbl=0 cpu=299.99s parse=0.1 compile=55.6 rss=11105
2014_mqueens_mqueens2	UNKNOWN-LIMIT	946141	172012006	n=7268 d=3637 c=3630 l=3628 pbl=0 db=3628 inc=7 cpu=280.36s parse=0.1 compile=0.1 search=280.1 emit=2.9 propag=277.3 rss=370
2011_cyclic-rcpsp_rcmsp	UNKNOWN-LIMIT	529854	85857947	n=11625 d=6017 c=5607 l=5596 pbl=0 db=5596 inc=540 cpu=281.01s parse=0.0 compile=1.7 search=277.2 emit=1.5 propag=275.7 rss=668
2014_mario	PROOF-REJECTED	160771	24752635	 The constraint is not implied by reverse unit propagation (RUP) from core and derived database. Rerun with the option '--trace-failed' to see the propagations.
2015_costas-array_CostasArray	UNKNOWN-LIMIT	46975	244851686	n=1194 d=599 c=594 l=490 pbl=0 db=490 inc=none cpu=280.04s parse=0.0 compile=0.1 search=279.7 emit=5.0 propag=274.7 rss=216
2015_is_model	TIMEOUT-SOLVE	189273	-	exceeded 300s killed-in=search n=1 d=0 c=0 l=0 pbl=0 cpu=300.03s parse=0.0 compile=26.2 rss=8831
2015_freepizza	UNKNOWN-LIMIT	111883	92403246	n=9648 d=4840 c=4807 l=4801 pbl=0 db=4801 inc=210 cpu=280.64s parse=0.0 compile=0.1 search=280.5 emit=1.6 propag=278.9 rss=218
2015_nmseq	TIMEOUT-SOLVE	2418781	-	exceeded 300s killed-in=search n=8 d=4 c=4 l=3 pbl=0 cpu=299.99s parse=0.2 compile=57.6 rss=1826
2015_cvrp	UNKNOWN-LIMIT	443085	143998761	n=806 d=422 c=383 l=381 pbl=0 db=381 inc=43 cpu=280.11s parse=0.0 compile=3.1 search=276.6 emit=3.6 propag=273.0 rss=301
2014_stochastic-vrp_vrp-s3-v2-c7_vrp-v2-c7_det	UNKNOWN-LIMIT	534239	195367090	n=4710 d=2363 c=2346 l=2270 pbl=0 db=2270 inc=none cpu=280.12s parse=0.0 compile=3.8 search=275.9 emit=4.8 propag=271.1 rss=268
2015_p1f	TIMEOUT-SOLVE	5290507	-	exceeded 300s no-stats rss=666
2015_spot5	PROOF-REJECTED	77975	448869743	 The constraint is not implied by reverse unit propagation (RUP) from core and derived database. Rerun with the option '--trace-failed' to see the propagations.
2015_open_stacks_open_stacks_01	UNKNOWN-LIMIT	221046	205981207	n=3949 d=2005 c=1943 l=159 pbl=0 db=159 inc=5 cpu=280.03s parse=0.0 compile=0.0 search=279.9 emit=4.8 propag=275.0 rss=171
2015_triangular	UNKNOWN-LIMIT	53332	76330075	n=15469 d=7883 c=7585 l=7583 pbl=0 db=7583 inc=19 cpu=281.76s parse=0.0 compile=0.0 search=281.7 emit=0.5 propag=281.2 rss=302
2015_project-planning_ProjectPlannertest_15_6	UNKNOWN-LIMIT	1329441	63063933	n=3064 d=1868 c=1195 l=1155 pbl=0 db=1155 inc=76 cpu=280.03s parse=0.1 compile=10.3 search=269.2 emit=1.3 propag=268.0 rss=333
2014_stochastic-vrp_vrp-s2-v2-c7_vrp-v2-c7_det	UNKNOWN-LIMIT	355386	228863417	n=5717 d=2866 c=2850 l=2749 pbl=0 db=2749 inc=none cpu=280.17s parse=0.0 compile=1.7 search=278.2 emit=5.6 propag=272.6 rss=235
2014_stochastic-vrp_vrp-s5-v2-c8_vrp-v2-c8_det	UNKNOWN-LIMIT	1092441	113535689	n=1691 d=890 c=800 l=785 pbl=0 db=785 inc=615 cpu=280.30s parse=0.1 compile=15.4 search=263.9 emit=2.7 propag=261.2 rss=508
2014_stochastic-vrp_vrp-s3-v2-c6_vrp-v2-c6_det	UNKNOWN-LIMIT	427702	201160112	n=6064 d=3044 c=3019 l=1742 pbl=0 db=1742 inc=339 cpu=280.20s parse=0.0 compile=2.4 search=277.5 emit=4.6 propag=272.8 rss=232
2015_tdtsp	TIMEOUT-SOLVE	344622	-	exceeded 300s killed-in=search n=19 d=18 c=1 l=0 pbl=0 cpu=300.01s parse=0.0 compile=61.9 rss=11232
2014_stochastic-vrp_vrp-s4-v2-c6_vrp-v2-c6_det	UNKNOWN-LIMIT	571213	166130623	n=4960 d=2499 c=2460 l=1668 pbl=0 db=1668 inc=388 cpu=280.07s parse=0.0 compile=4.3 search=275.3 emit=3.9 propag=271.5 rss=268
2015_project-planning_ProjectPlannertest_16_6	UNKNOWN-LIMIT	1542301	71906095	n=3963 d=2419 c=1543 l=902 pbl=0 db=902 inc=76 cpu=280.03s parse=0.1 compile=12.9 search=266.5 emit=1.4 propag=265.2 rss=395
2015_project-planning_ProjectPlannertest_12_7	UNKNOWN-LIMIT	782224	149743949	n=10436 d=5412 c=5023 l=1483 pbl=0 db=1483 inc=63 cpu=280.08s parse=0.1 compile=3.9 search=275.9 emit=2.8 propag=273.2 rss=288
2016_diameterc-mst_dcmst	UNKNOWN-LIMIT	365826	124220105	n=8535 d=4276 c=4258 l=4258 pbl=0 db=4258 inc=none cpu=280.52s parse=0.0 compile=0.9 search=279.5 emit=1.5 propag=278.0 rss=288
2016_depot-placement_depot_placement	UNKNOWN-LIMIT	36023	358386787	n=7828 d=3926 c=3901 l=3441 pbl=0 db=3441 inc=164 cpu=280.40s parse=0.0 compile=0.0 search=280.2 emit=4.0 propag=276.2 rss=321
2015_project-planning_ProjectPlannertest_14_7	UNKNOWN-LIMIT	1123886	111586700	n=4841 d=2500 c=2340 l=1186 pbl=0 db=1186 inc=78 cpu=280.11s parse=0.1 compile=6.6 search=273.1 emit=2.0 propag=271.1 rss=332
2016_java-auto-gen_binpack_11	UNKNOWN-LIMIT	558608	36442240	n=887 d=452 c=434 l=434 pbl=0 db=434 inc=3 cpu=280.14s parse=0.0 compile=1.8 search=278.0 emit=0.6 propag=277.4 rss=177
2014_stochastic-fjsp_fjsp-a1-s3_fjsp-t20-j4-m3-a1_det	UNKNOWN-LIMIT	492687	47325548	n=9366 d=4823 c=4542 l=4541 pbl=0 db=4541 inc=452 cpu=280.63s parse=0.0 compile=0.9 search=278.6 emit=0.6 propag=278.0 rss=447
2015_project-planning_ProjectPlannertest_16_8	UNKNOWN-LIMIT	1545614	110511130	n=6191 d=3366 c=2824 l=601 pbl=0 db=601 inc=82 cpu=280.03s parse=0.1 compile=13.2 search=266.3 emit=2.2 propag=264.1 rss=404
2016_java-auto-gen_plusexample_6	UNKNOWN-LIMIT	23041	139983321	n=13217 d=6609 c=6607 l=6587 pbl=0 db=6587 inc=-38 cpu=281.54s parse=0.0 compile=0.0 search=281.5 emit=2.9 propag=278.6 rss=220
2016_java-auto-gen_projplan1_15_15	UNKNOWN-LIMIT	268863	2355087	n=275 d=161 c=113 l=113 pbl=0 db=113 inc=5 cpu=280.39s parse=0.0 compile=0.5 search=279.7 emit=0.0 propag=279.7 rss=84
2014_rectangle-packing_rect_packing	UNKNOWN-LIMIT	2428775	115912830	n=3814 d=1913 c=1900 l=1900 pbl=0 db=1900 inc=none cpu=280.19s parse=0.2 compile=1.7 search=276.2 emit=2.1 propag=274.1 rss=772
2011_fast-food_fastfood	UNKNOWN-LIMIT	555013	522072515	n=351 d=182 c=168 l=162 pbl=0 db=162 inc=106 cpu=280.66s parse=0.0 compile=18.1 search=239.7 emit=0.4 propag=239.3 rss=5340
2016_maximum-dag	UNKNOWN-LIMIT	68254	130484149	n=16037 d=10587 c=5449 l=5442 pbl=0 db=5442 inc=70 cpu=280.88s parse=0.0 compile=0.1 search=280.6 emit=2.2 propag=278.4 rss=241
2013_celar	UNKNOWN-LIMIT	260437	926703098	n=460 d=239 c=220 l=220 pbl=0 db=220 inc=31154 cpu=280.55s parse=0.0 compile=13.1 search=251.6 emit=0.6 propag=251.0 rss=4050
2015_radiation	UNKNOWN-LIMIT	374093	192313625	n=14900 d=10177 c=4722 l=4722 pbl=0 db=4722 inc=none cpu=280.67s parse=0.0 compile=0.7 search=279.5 emit=3.4 propag=276.0 rss=426
2016_java-auto-gen_pizza_8_3	UNKNOWN-LIMIT	810024	148232669	n=3756 d=1952 c=1803 l=1800 pbl=0 db=1800 inc=27 cpu=280.17s parse=0.1 compile=2.5 search=277.2 emit=2.7 propag=274.5 rss=480
2016_nfc	UNKNOWN-LIMIT	5939	110518654	n=11169 d=5782 c=5386 l=5373 pbl=0 db=5373 inc=848 cpu=280.82s parse=0.0 compile=0.0 search=280.8 emit=1.7 propag=279.1 rss=142
2016_prize-collecting_pc	TIMEOUT-SOLVE	671336	-	exceeded 300s killed-in=search n=30 d=20 c=10 l=9 pbl=0 cpu=300.04s parse=0.0 compile=5.1 rss=636
2016_java-auto-gen_routing_7	UNKNOWN-LIMIT	2015184	29770895	n=272 d=141 c=130 l=91 pbl=0 db=91 inc=118 cpu=281.13s parse=0.2 compile=28.8 search=247.7 emit=0.5 propag=247.2 rss=2081
2014_cyclic-rcpsp_rcmsp	UNKNOWN-LIMIT	490391	92062033	n=12458 d=6466 c=5991 l=5982 pbl=0 db=5982 inc=516 cpu=281.33s parse=0.0 compile=1.4 search=278.3 emit=1.7 propag=276.6 rss=594
2016_mrcpsp	UNKNOWN-LIMIT	11369070	90016120	n=311 d=256 c=54 l=47 pbl=0 db=47 inc=30 cpu=282.44s parse=46.2 compile=16.0 search=205.0 emit=1.0 propag=204.0 rss=4058
2016_solbat_sb	UNKNOWN-LIMIT	1648111	42363267	n=928 d=478 c=449 l=449 pbl=0 db=449 inc=none cpu=280.18s parse=0.1 compile=9.9 search=270.0 emit=0.7 propag=269.3 rss=233
2017_community-detection	UNKNOWN-LIMIT	187547	68121541	n=5431 d=2798 c=2632 l=2632 pbl=0 db=2632 inc=73 cpu=280.20s parse=0.0 compile=0.3 search=279.9 emit=0.6 propag=279.3 rss=381
2019_stochastic-vrp_vrp-s4-v2-c3_svrp-v2-c3_det	OK-PROOF-VERIFIED	244163	12067852	s VERIFIED BOUNDS 117 <= obj <= 117 n=479 d=303 c=176 l=112 pbl=0 parse=0.0 compile=0.8 search=5.7 emit=0.2 propag=5.5 rss=76
2016_tpp	UNKNOWN-LIMIT	355239	257587286	n=15503 d=14894 c=608 l=573 pbl=0 db=573 inc=179 cpu=280.09s parse=0.0 compile=1.5 search=278.3 emit=6.3 propag=272.0 rss=178
2017_opd	UNKNOWN-LIMIT	17354526	6595	n=551 d=550 c=0 l=0 pbl=0 db=0 inc=none cpu=280.05s parse=211.1 compile=2.2 search=65.2 emit=0.0 propag=65.2 rss=1451
2017_groupsplitter_group	TIMEOUT-SOLVE	5247566	-	exceeded 300s killed-in=search n=1 d=0 c=0 l=0 pbl=0 cpu=300.04s parse=1.7 compile=8.1 rss=4310
2017_hrc	UNKNOWN-LIMIT	507462	177494781	n=4774 d=2576 c=2197 l=2191 pbl=0 db=2191 inc=none cpu=280.25s parse=0.0 compile=0.4 search=279.7 emit=2.7 propag=277.0 rss=266
2017_traveling-tppv_ttppv	PROOF-REJECTED	320090	161702190	 The constraint is not implied by reverse unit propagation (RUP) from core and derived database. Rerun with the option '--trace-failed' to see the propagations.
2017_opt-cryptanalysis_mznc2017_aes_opt	UNKNOWN-LIMIT	134268	33259912	n=1157 d=614 c=542 l=111 pbl=0 db=111 inc=24 cpu=280.10s parse=0.0 compile=0.1 search=279.5 emit=0.5 propag=279.0 rss=238
2017_mario	TIMEOUT-SOLVE	515631	-	exceeded 300s killed-in=search n=814 d=813 c=1 l=0 pbl=0 cpu=300.00s parse=0.0 compile=3.3 rss=458
2017_rel2onto	UNKNOWN-LIMIT	6161287	1217619	n=6 d=5 c=0 l=0 pbl=0 db=0 inc=none cpu=281.77s parse=0.5 compile=173.6 search=87.9 emit=0.0 propag=87.9 rss=4975
2017_steelmillslab	UNKNOWN-LIMIT	5678644	6077678	n=58 d=49 c=8 l=8 pbl=0 db=8 inc=none cpu=282.61s parse=0.4 compile=255.0 search=19.7 emit=0.0 propag=19.7 rss=2323
2018_neighbours_neighbours-rect	UNKNOWN-LIMIT	153092	86327518	n=9615 d=4899 c=4715 l=4713 pbl=0 db=4713 inc=63 cpu=280.64s parse=0.0 compile=0.0 search=280.6 emit=1.3 propag=279.3 rss=201
2017_ma-path-finding_mapf	TIMEOUT-SOLVE	79039350	-	exceeded 300s no-stats rss=3068
2017_tdtsp	TIMEOUT-SOLVE	346218	-	exceeded 300s killed-in=search n=1 d=0 c=0 l=0 pbl=0 cpu=300.01s parse=0.0 compile=60.3 rss=11208
2018_opt-cryptanalysis_mznc2017_aes_opt	UNKNOWN-LIMIT	159502	17631435	n=641 d=358 c=282 l=106 pbl=0 db=106 inc=32 cpu=281.50s parse=0.0 compile=0.1 search=280.8 emit=0.2 propag=280.6 rss=259
2017_tc-graph-color_tcgc2	UNKNOWN-LIMIT	248977	162866972	n=18189 d=9115 c=9073 l=5393 pbl=0 db=5393 inc=none cpu=280.88s parse=0.0 compile=0.7 search=280.1 emit=1.8 propag=278.3 rss=245
2018_gfd-schedule_gfd-schedule2	UNKNOWN-LIMIT	7782740	8004352	n=86 d=70 c=15 l=15 pbl=0 db=15 inc=2117 cpu=280.47s parse=7.5 compile=233.4 search=35.9 emit=0.1 propag=35.8 rss=1367
2018_rotating-workforce	UNKNOWN-LIMIT	599908	33238580	n=20 d=19 c=0 l=0 pbl=0 db=0 inc=none cpu=282.36s parse=0.1 compile=29.3 search=226.2 emit=0.0 propag=226.2 rss=5841
2020_radiation	OK-PROOF-VERIFIED	168156	1292896	s VERIFIED BOUNDS 338 <= obj <= 338 n=119 d=67 c=52 l=43 pbl=0 parse=0.0 compile=0.2 search=0.3 emit=0.0 propag=0.2 rss=55
2018_proteindesign12_wcsp	TIMEOUT-SOLVE	1279984	-	exceeded 300s killed-in=search n=1 d=0 c=0 l=0 pbl=0 cpu=300.02s parse=0.4 compile=4.3 rss=1927
2017_crosswords_crossword_opt	UNKNOWN-LIMIT	1040744	273615308	n=2 d=1 c=0 l=0 pbl=0 db=0 inc=none cpu=297.03s parse=0.4 compile=29.0 search=157.5 emit=0.0 propag=157.5 rss=11004
2020_bnn-planner_inventory_4_8s	OK-PROOF-VERIFIED	2700439	6345653	s VERIFIED BOUNDS 17 <= obj <= 17 n=31 d=15 c=16 l=15 pbl=0 parse=0.2 compile=0.5 search=46.3 emit=0.0 propag=46.2 rss=255
2020_soccer-computational_ecp	OK-PROOF-VERIFIED	782368	5571384	s VERIFIED SATISFIABLE n=389 d=346 c=42 l=42 pbl=0 parse=0.1 compile=1.5 search=8.3 emit=0.0 propag=8.3 rss=282
2018_vrplc_vrplc_service	TIMEOUT-SOLVE	1215676	-	exceeded 300s killed-in=search n=23 d=15 c=8 l=7 pbl=0 cpu=300.00s parse=0.1 compile=21.8 rss=913
2019_amaze_amaze3	UNKNOWN-LIMIT	230845	69007944	n=9743 d=5190 c=4552 l=4552 pbl=0 db=4552 inc=none cpu=280.58s parse=0.0 compile=0.4 search=280.1 emit=1.2 propag=278.9 rss=178
2018_soccer-computational_ecp	UNKNOWN-LIMIT	660856	196486410	n=8121 d=4896 c=3224 l=3224 pbl=0 db=3224 inc=none cpu=280.31s parse=0.0 compile=1.1 search=278.5 emit=1.4 propag=277.1 rss=352
2018_seat-moving	UNKNOWN-LIMIT	1201647	197603755	n=3052 d=1552 c=1499 l=1476 pbl=0 db=1476 inc=735 cpu=280.19s parse=0.1 compile=16.9 search=262.8 emit=1.7 propag=261.0 rss=414
2019_fox-geese-corn_foxgeesecorn	UNKNOWN-LIMIT	500222	98627976	n=8411 d=4964 c=3446 l=2901 pbl=0 db=2901 inc=24 cpu=280.23s parse=0.0 compile=1.0 search=279.1 emit=1.4 propag=277.6 rss=253
2016_rcpsp-wet	UNKNOWN-LIMIT	1387104	182483206	n=6128 d=3241 c=2886 l=2656 pbl=0 db=2656 inc=142 cpu=280.28s parse=0.1 compile=0.7 search=278.9 emit=1.8 propag=277.1 rss=381
2019_kidney-exchange_ccmcp	UNKNOWN-LIMIT	239516	79334548	n=2098 d=1725 c=876 l=869 pbl=0 db=869 inc=none cpu=280.61s parse=0.0 compile=0.7 search=279.7 emit=1.7 propag=278.0 rss=147
2019_groupsplitter_group	TIMEOUT-SOLVE	6235882	-	exceeded 300s killed-in=search n=1 d=0 c=0 l=0 pbl=0 cpu=300.02s parse=2.2 compile=10.3 rss=5739
2019_hrc	UNKNOWN-LIMIT	547492	180991459	n=5174 d=2987 c=2186 l=2183 pbl=0 db=2183 inc=none cpu=280.10s parse=0.0 compile=0.5 search=279.5 emit=2.8 propag=276.7 rss=268
2019_accap	UNKNOWN-LIMIT	80941	61715750	n=9895 d=5294 c=4600 l=4593 pbl=0 db=4593 inc=120 cpu=280.64s parse=0.0 compile=0.1 search=280.4 emit=1.0 propag=279.4 rss=174
2019_liner-sf-repositioning_fm3_0	TIMEOUT-SOLVE	65101	-	exceeded 300s killed-in=search n=1 d=0 c=0 l=0 pbl=0 cpu=300.07s parse=0.0 compile=54.0 rss=13402
2019_code-generator_unison	TIMEOUT-SOLVE	55339462	-	exceeded 300s no-stats rss=1457
2021_opt-cryptoanalysis_mznc2017_aes_opt	OK-PROOF-VERIFIED	33967	1128349	s VERIFIED BOUNDS 2 <= obj <= 2 n=129 d=65 c=64 l=1 pbl=0 parse=0.0 compile=0.0 search=3.5 emit=0.0 propag=3.5 rss=25
2021_pentominoes-zayenz_pentominoes	OK-PROOF-VERIFIED	203503	17591617	s VERIFIED SATISFIABLE n=21 d=20 c=0 l=0 pbl=0 parse=0.0 compile=0.2 search=3.0 emit=0.0 propag=3.0 rss=145
2021_neighbours_neighbours-rect	OK-PROOF-VERIFIED	103194	25878654	s VERIFIED BOUNDS -39 <= obj <= -39 n=4115 d=2087 c=2028 l=2026 pbl=0 parse=0.0 compile=0.0 search=23.5 emit=0.4 propag=23.1 rss=63
2019_nside_full	TIMEOUT-SOLVE	29429401	-	exceeded 300s no-stats rss=808
2019_ptv_pax_model	UNKNOWN-LIMIT	456841	154346907	n=4512 d=3487 c=1024 l=992 pbl=0 db=992 inc=3345 cpu=280.28s parse=0.0 compile=1.2 search=278.8 emit=0.3 propag=278.5 rss=456
2021_steiner-systems	OK-PROOF-VERIFIED	858595	665056	s VERIFIED SATISFIABLE n=65 d=50 c=14 l=14 pbl=0 parse=0.1 compile=0.3 search=0.4 emit=0.0 propag=0.4 rss=52
2019_median-string_median_string_dp	UNKNOWN-LIMIT	919755	108675143	n=3862 d=1946 c=1915 l=1915 pbl=0 db=1915 inc=12 cpu=280.08s parse=0.1 compile=5.6 search=273.9 emit=1.8 propag=272.1 rss=349
2019_rotating-workforce	TIMEOUT-SOLVE	374535	-	exceeded 300s killed-in=search n=23 d=22 c=1 l=0 pbl=0 cpu=300.01s parse=0.0 compile=7.3 rss=1460
2019_rcpsp-wet-diverse	TIMEOUT-SOLVE	10021253	-	exceeded 300s killed-in=search n=175 d=133 c=42 l=40 pbl=0 cpu=300.07s parse=0.7 compile=10.0 rss=5493
2018_racp	UNKNOWN-LIMIT	1424309	168922399	n=6752 d=3693 c=3058 l=3058 pbl=0 db=3058 inc=none cpu=280.26s parse=0.1 compile=0.5 search=279.0 emit=3.2 propag=275.8 rss=494
2020_bnn-planner_sysadmin_4_2s	OK-PROOF-VERIFIED	302307	101834745	s VERIFIED BOUNDS 0 <= obj <= 0 n=1491 d=1055 c=435 l=435 pbl=0 parse=0.0 compile=0.2 search=170.5 emit=0.3 propag=170.1 rss=130
2017_rcpsp-wet	UNKNOWN-LIMIT	1235979	197614259	n=8977 d=5035 c=3941 l=3374 pbl=0 db=3374 inc=220 cpu=280.33s parse=0.1 compile=0.6 search=279.0 emit=2.1 propag=276.9 rss=381
2019_steelmillslab	UNKNOWN-LIMIT	5678630	3602735	n=58 d=49 c=8 l=8 pbl=0 db=8 inc=none cpu=296.96s parse=0.4 compile=239.5 search=49.2 emit=0.0 propag=49.2 rss=3185
2019_stochastic-vrp_vrp-s2-v2-c9_vrp-v2-c9_det	UNKNOWN-LIMIT	522020	216792184	n=2504 d=1282 c=1221 l=1186 pbl=0 db=1186 inc=353 cpu=280.13s parse=0.0 compile=3.6 search=276.1 emit=5.4 propag=270.6 rss=295
2011_vrp	UNKNOWN-LIMIT	224829	80460416	n=2632 d=1906 c=725 l=665 pbl=0 db=665 inc=3569 cpu=280.43s parse=0.0 compile=0.5 search=279.3 emit=0.2 propag=279.1 rss=913
2019_stochastic-vrp_vrp-s2-v2-c8_vrp-v2-c8_det	UNKNOWN-LIMIT	434535	247020950	n=3794 d=1918 c=1875 l=1837 pbl=0 db=1837 inc=340 cpu=280.15s parse=0.0 compile=2.5 search=277.3 emit=6.3 propag=271.1 rss=255
2019_stochastic-vrp_vrp-s3-v2-c7_vrp-v2-c7_det	UNKNOWN-LIMIT	534239	191174097	n=4630 d=2323 c=2306 l=2231 pbl=0 db=2231 inc=none cpu=280.17s parse=0.0 compile=3.9 search=275.9 emit=4.7 propag=271.1 rss=266
2019_triangular	UNKNOWN-LIMIT	53546	68449646	n=14430 d=7345 c=7084 l=7082 pbl=0 db=7082 inc=19 cpu=281.53s parse=0.0 compile=0.0 search=281.5 emit=0.4 propag=281.1 rss=271
2020_bnn-planner_navigation_5x5_10s	UNKNOWN-LIMIT	1203200	8896712	n=63 d=48 c=14 l=14 pbl=0 db=14 inc=none cpu=292.54s parse=0.1 compile=1.0 search=290.8 emit=0.0 propag=290.8 rss=518
2020_bnn-planner_sysadmin_5_4s	UNKNOWN-LIMIT	832887	88738019	n=1410 d=1175 c=234 l=234 pbl=0 db=234 inc=none cpu=280.02s parse=0.1 compile=0.7 search=278.9 emit=0.3 propag=278.6 rss=283
2012_fast-food_fastfood	TIMEOUT-CHECK	253219	662655534	veripb exceeded 900s
2010_rcpsp_max	TIMEOUT-CHECK	2780907	129637969	veripb exceeded 900s
2011_wwtpp-real_wwtpp	TIMEOUT-CHECK	292222	15666072	veripb exceeded 900s
2012_league	TIMEOUT-CHECK	81187	82945088	veripb exceeded 900s
2020_bnn-planner_cellda_y_10s	UNKNOWN-LIMIT	7916310	32459174	n=79 d=50 c=28 l=23 pbl=0 db=23 inc=6 cpu=291.98s parse=0.6 compile=3.8 search=285.9 emit=0.1 propag=285.9 rss=1342
2019_stochastic-vrp_vrp-s5-v2-c6_vrp-v2-c6_det	UNKNOWN-LIMIT	715420	139249603	n=4341 d=2194 c=2146 l=1700 pbl=0 db=1700 inc=438 cpu=280.07s parse=0.1 compile=6.6 search=272.9 emit=3.1 propag=269.8 rss=309
2020_minimal-decision-sets_sparse_mds	UNKNOWN-LIMIT	1286663	100140449	n=1375 d=882 c=492 l=486 pbl=0 db=486 inc=113 cpu=280.08s parse=0.1 compile=3.8 search=275.9 emit=1.3 propag=274.6 rss=372
2020_p1f-pjs	UNKNOWN-LIMIT	2749454	32116741	n=223 d=135 c=87 l=85 pbl=0 db=85 inc=none cpu=282.55s parse=0.2 compile=98.9 search=181.9 emit=0.8 propag=181.1 rss=596
2020_collaborative-construction_macc	TIMEOUT-SOLVE	24742622	-	exceeded 300s no-stats rss=914
2020_is_model	TIMEOUT-SOLVE	251653	-	exceeded 300s killed-in=search n=1 d=0 c=0 l=0 pbl=0 cpu=300.08s parse=0.0 compile=23.0 rss=9195
2020_sdn-chain_model	UNKNOWN-LIMIT	4791636	1794282	n=939 d=937 c=1 l=1 pbl=0 db=1 inc=none cpu=280.12s parse=0.3 compile=86.9 search=190.4 emit=0.0 propag=190.3 rss=1267
2023_pennies-opt_pennies	OK-PROOF-VERIFIED	308572	877767	s VERIFIED BOUNDS -5 <= obj <= -5 n=49 d=30 c=18 l=18 pbl=0 parse=0.0 compile=0.8 search=0.2 emit=0.0 propag=0.2 rss=70
2020_skill-allocation_skill_allocation_only	UNKNOWN-LIMIT	5467545	4949763	n=148 d=105 c=42 l=42 pbl=0 db=42 inc=none cpu=280.16s parse=0.4 compile=254.9 search=20.8 emit=0.0 propag=20.7 rss=1843
2013_league	TIMEOUT-CHECK	205255	282765798	veripb exceeded 900s
2020_code-generator_unison	TIMEOUT-SOLVE	67356448	-	exceeded 300s no-stats rss=1746
2023_speck-optimisation_SPECK-Optimisation	OK-PROOF-VERIFIED	170262	129468	s VERIFIED BOUNDS 1 <= obj <= 1 n=9 d=5 c=4 l=3 pbl=0 parse=0.0 compile=0.1 search=0.0 emit=0.0 propag=0.0 rss=15
2020_pentominoes_pentominoes-int	TIMEOUT-SOLVE	299569	-	exceeded 300s killed-in=search n=1 d=0 c=0 l=0 pbl=0 cpu=300.00s parse=0.1 compile=5.5 rss=2575
2023_sudoku_fixed	OK-PROOF-VERIFIED	27042	885857	s VERIFIED SATISFIABLE n=1 d=0 c=0 l=0 pbl=0 parse=0.0 compile=3.6 search=0.8 emit=0.0 propag=0.8 rss=97
2020_stable-goods_stable-goods-solution	PROOF-REJECTED	582494	61358646	 The constraint is not implied by reverse unit propagation (RUP) from core and derived database. Rerun with the option '--trace-failed' to see the propagations.
2020_pillars-and-planks_pillars-planks-solution	UNKNOWN-LIMIT	438837	123907011	n=8711 d=4449 c=4261 l=4196 pbl=0 db=4196 inc=none cpu=280.48s parse=0.0 compile=1.1 search=279.2 emit=1.9 propag=277.3 rss=255
2021_java-routing_trip_6_2	PROOF-REJECTED	344602	88835353	 The constraint is not implied by reverse unit propagation (RUP) from core and derived database. Rerun with the option '--trace-failed' to see the propagations.
2020_whirlpool_whirlpool-x	TIMEOUT-SOLVE	90109	-	exceeded 300s killed-in=search n=10 d=9 c=1 l=0 pbl=0 cpu=300.03s parse=0.0 compile=0.3 rss=577
2021_java-routing_trip_7_4	PROOF-REJECTED	481966	74506986	 The constraint is not implied by reverse unit propagation (RUP) from core and derived database. Rerun with the option '--trace-failed' to see the propagations.
2021_carpet-cutting_cc_base	TIMEOUT-SOLVE	19296726	-	exceeded 300s no-stats rss=739
2021_java-routing_trip_7_5	PROOF-REJECTED	481951	75815414	 The constraint is not implied by reverse unit propagation (RUP) from core and derived database. Rerun with the option '--trace-failed' to see the propagations.
2021_java-routing_trip_8_2	PROOF-REJECTED	611659	56906853	 The constraint is not implied by reverse unit propagation (RUP) from core and derived database. Rerun with the option '--trace-failed' to see the propagations.
2016_celar	UNKNOWN-LIMIT	155441	787049042	n=638 d=328 c=309 l=309 pbl=0 db=309 inc=29995 cpu=280.11s parse=0.0 compile=7.7 search=263.1 emit=0.5 propag=262.5 rss=2622
2021_java-routing_trip_8_3	PROOF-REJECTED	611628	57982598	 The constraint is not implied by reverse unit propagation (RUP) from core and derived database. Rerun with the option '--trace-failed' to see the propagations.
2021_monomatch	UNKNOWN-LIMIT	2832109	50126330	n=3231 d=1631 c=1599 l=1599 pbl=0 db=1599 inc=none cpu=280.19s parse=0.2 compile=0.2 search=279.6 emit=0.9 propag=278.8 rss=265
2020_racp	UNKNOWN-LIMIT	971518	166375028	n=7516 d=3983 c=3532 l=3531 pbl=0 db=3531 inc=712 cpu=280.40s parse=0.1 compile=0.3 search=279.7 emit=2.9 propag=276.8 rss=416
2024_neighbours_neighbours-rect	OK-PROOF-VERIFIED	30620	260456	s VERIFIED BOUNDS -17 <= obj <= -17 n=111 d=55 c=56 l=54 pbl=0 parse=0.0 compile=0.0 search=0.0 emit=0.0 propag=0.0 rss=9
2021_peacable_queens_peaceable_queens_mznc2021	PROOF-REJECTED	559536	94483003	 The constraint is not implied by reverse unit propagation (RUP) from core and derived database. Rerun with the option '--trace-failed' to see the propagations.
2019_stack-cuttingstock_stack-cutstock-cumu	UNKNOWN-LIMIT	68310	91881168	n=10043 d=5095 c=4947 l=4942 pbl=0 db=4942 inc=16 cpu=280.77s parse=0.0 compile=1.3 search=278.1 emit=1.5 propag=276.5 rss=600
2021_p1f-pjs	TIMEOUT-SOLVE	5618527	-	exceeded 300s no-stats rss=697
2024_monitor-placement-1id_monitor_1id	OK-PROOF-VERIFIED	47693	17167	s VERIFIED BOUNDS 52 <= obj <= 52 n=18 d=11 c=7 l=2 pbl=0 parse=0.0 compile=0.0 search=0.0 emit=0.0 propag=0.0 rss=7
2023_roster_roster_model	OK-PROOF-VERIFIED	332706	28617034	s VERIFIED BOUNDS 7 <= obj <= 7 n=3088 d=1853 c=1234 l=1224 pbl=0 parse=0.0 compile=0.7 search=95.0 emit=0.3 propag=94.6 rss=85
2021_physician-scheduling	UNKNOWN-LIMIT	3657969	13319556	n=636 d=407 c=228 l=205 pbl=0 db=205 inc=none cpu=280.76s parse=0.3 compile=31.0 search=248.4 emit=0.2 propag=248.2 rss=600
2024_word-equations_word_equations_01_track_123-int	OK-PROOF-VERIFIED	434	120	s VERIFIED UNSATISFIABLE n=1 d=0 c=1 l=0 pbl=0 parse=0.0 compile=0.0 search=0.0 emit=0.0 propag=0.0 rss=6
2022_generalized-peacable-queens_peaceable_queens	PROOF-REJECTED	523197	939207365	 The constraint is not implied by reverse unit propagation (RUP) from core and derived database. Rerun with the option '--trace-failed' to see the propagations.
2022_blocks-world_blocks	TIMEOUT-SOLVE	4085159	-	exceeded 300s killed-in=search n=58 d=57 c=1 l=0 pbl=0 cpu=300.02s parse=0.3 compile=83.9 rss=1864
2022_diameterc-mst_dcmst	UNKNOWN-LIMIT	470039	58111946	n=2386 d=1208 c=1177 l=1162 pbl=0 db=1162 inc=493 cpu=280.07s parse=0.0 compile=0.8 search=279.1 emit=0.8 propag=278.4 rss=187
2022_accap	UNKNOWN-LIMIT	131919	83427286	n=8542 d=4475 c=4066 l=4051 pbl=0 db=4051 inc=132 cpu=280.46s parse=0.0 compile=0.2 search=280.0 emit=1.2 propag=278.7 rss=205
2022_gfd-schedule_gfd-schedule2	UNKNOWN-LIMIT	7109511	29336378	n=366 d=189 c=176 l=176 pbl=0 db=176 inc=8504 cpu=280.34s parse=6.1 compile=199.6 search=71.4 emit=0.3 propag=71.1 rss=1573
2021_seat-moving	UNKNOWN-LIMIT	1598002	256845756	n=3389 d=1731 c=1657 l=954 pbl=0 db=954 inc=none cpu=280.11s parse=0.1 compile=34.1 search=245.3 emit=2.3 propag=243.0 rss=498
2022_spot5	PROOF-REJECTED	182653	443237632	 The constraint is not implied by reverse unit propagation (RUP) from core and derived database. Rerun with the option '--trace-failed' to see the propagations.
2022_rotating-workforce-scheduling	UNKNOWN-LIMIT	485012	26885671	n=1235 d=663 c=571 l=570 pbl=0 db=570 inc=none cpu=280.47s parse=0.0 compile=1.0 search=279.0 emit=0.5 propag=278.5 rss=244
2022_ma-path-finding_mapf	TIMEOUT-SOLVE	145340307	-	exceeded 300s no-stats rss=6556
2025_hitori	OK-PROOF-VERIFIED	554212	7479586	s VERIFIED BOUNDS -17 <= obj <= -17 n=828 d=459 c=369 l=369 pbl=0 parse=0.0 compile=1.8 search=4.0 emit=0.1 propag=3.9 rss=132
2022_nfc	UNKNOWN-LIMIT	5947	119275360	n=12878 d=7861 c=5016 l=5003 pbl=0 db=5003 inc=784 cpu=280.81s parse=0.0 compile=0.0 search=280.8 emit=1.7 propag=279.1 rss=142
2022_sudoku_opt	TIMEOUT-SOLVE	70485	-	exceeded 300s killed-in=search n=7 d=6 c=1 l=0 pbl=0 cpu=300.00s parse=0.0 compile=54.5 rss=648
2013_rcpsp	TIMEOUT-CHECK	3116963	68216514	veripb exceeded 900s
2022_stripboard	UNKNOWN-LIMIT	738773	439530368	n=1076 d=1840 c=934 l=934 pbl=0 db=934 inc=none cpu=280.16s parse=0.1 compile=3.1 search=275.3 emit=2.3 propag=273.0 rss=1489
2022_traveling-tppv_ttppv	PROOF-REJECTED	1502896	48755099	 The constraint is not implied by reverse unit propagation (RUP) from core and derived database. Rerun with the option '--trace-failed' to see the propagations.
2022_triangular	UNKNOWN-LIMIT	53546	65695015	n=13899 d=7077 c=6821 l=6819 pbl=0 db=6819 inc=19 cpu=281.41s parse=0.0 compile=0.0 search=281.4 emit=0.4 propag=281.0 rss=267
2023_chessboard	PROOF-REJECTED	442319	998868452	 The constraint is not implied by reverse unit propagation (RUP) from core and derived database. Rerun with the option '--trace-failed' to see the propagations.
2014_jp-encoding	TIMEOUT-CHECK	1417698	88523520	veripb exceeded 900s
2014_openshop	TIMEOUT-CHECK	200421	157395906	veripb exceeded 900s
2014_smelt	TIMEOUT-CHECK	14625958	89616805	veripb exceeded 900s
2015_multi-knapsack_mknapsack_global	TIMEOUT-CHECK	10066	99516002	veripb exceeded 900s
2023_kidney-exchange_ccmcp	UNKNOWN-LIMIT	239680	68356250	n=1550 d=1279 c=720 l=608 pbl=0 db=608 inc=1159 cpu=280.62s parse=0.0 compile=0.7 search=279.7 emit=1.3 propag=278.4 rss=150
2023_evm-super-compilation_evmopt-generic	UNKNOWN-LIMIT	526342	149776159	n=9299 d=4876 c=4422 l=4390 pbl=0 db=4390 inc=none cpu=280.54s parse=0.0 compile=2.1 search=278.2 emit=2.1 propag=276.1 rss=317
2021_perfect_square	UNKNOWN-LIMIT	280515	94798446	n=16326 d=9174 c=7151 l=7151 pbl=0 db=7151 inc=none cpu=281.75s parse=0.0 compile=1.0 search=279.4 emit=1.1 propag=278.3 rss=642
2023_code-generator_unison	TIMEOUT-SOLVE	69451488	-	exceeded 300s no-stats rss=1811
2023_mrcpsp	TIMEOUT-SOLVE	11910213	-	exceeded 300s killed-in=search n=150 d=117 c=32 l=31 pbl=0 cpu=299.97s parse=68.6 compile=19.9 rss=4697
2023_vrplc_vrplc_service	UNKNOWN-LIMIT	1642929	30962805	n=29 d=18 c=10 l=10 pbl=0 db=10 inc=none cpu=286.36s parse=0.1 compile=32.4 search=250.6 emit=0.7 propag=249.8 rss=942
2023_gametes	UNKNOWN-LIMIT	2598993	222545042	n=9587 d=5756 c=3830 l=1214 pbl=0 db=1214 inc=none cpu=280.04s parse=0.2 compile=85.3 search=194.0 emit=4.0 propag=190.0 rss=554
2025_products-and-shelves_product-and-shelves	OK-PROOF-VERIFIED	2252598	12939446	s VERIFIED BOUNDS 6 <= obj <= 6 n=8040 d=7908 c=132 l=131 pbl=0 parse=0.2 compile=7.2 search=68.8 emit=0.3 propag=68.6 rss=284
2024_compression	PROOF-REJECTED	184379	164424283	 The constraint is not implied by reverse unit propagation (RUP) from core and derived database. Rerun with the option '--trace-failed' to see the propagations.
2020_cable_tree_wiring_ctw	UNKNOWN-LIMIT	191377	166475933	n=908 d=607 c=300 l=176 pbl=0 db=176 inc=43004 cpu=291.34s parse=0.0 compile=0.3 search=290.5 emit=3.9 propag=286.6 rss=332
2024_graph-clear_graph_clear_cp	UNKNOWN-LIMIT	1342036	57536890	n=4643 d=4590 c=52 l=51 pbl=0 db=51 inc=92 cpu=281.92s parse=0.1 compile=5.1 search=276.2 emit=1.4 propag=274.8 rss=668
2024_cable-tree-wiring_ctw	TIMEOUT-SOLVE	1316370	-	exceeded 300s killed-in=search n=19 d=17 c=2 l=0 pbl=0 cpu=299.98s parse=0.1 compile=22.4 rss=5201
2024_fox-geese-corn_foxgeesecorn	UNKNOWN-LIMIT	409514	68743041	n=10098 d=5899 c=4198 l=4157 pbl=0 db=4157 inc=32 cpu=280.44s parse=0.0 compile=0.8 search=279.5 emit=1.0 propag=278.5 rss=241
2024_accap	UNKNOWN-LIMIT	89888	58205395	n=11273 d=5826 c=5446 l=5431 pbl=0 db=5431 inc=161 cpu=280.77s parse=0.0 compile=0.1 search=280.5 emit=1.0 propag=279.5 rss=159
2024_portal	PROOF-REJECTED	678878	357093090	 The constraint is not implied by reverse unit propagation (RUP) from core and derived database. Rerun with the option '--trace-failed' to see the propagations.
2024_peacable_queens_peaceable_queens_mznc2021	PROOF-REJECTED	391568	95502037	 The constraint is not implied by reverse unit propagation (RUP) from core and derived database. Rerun with the option '--trace-failed' to see the propagations.
2016_zephyrus	TIMEOUT-CHECK	794855	20959641	veripb exceeded 900s
2023_table-layout_TableLayout	UNKNOWN-LIMIT	723839	89337015	n=3031 d=3000 c=30 l=30 pbl=0 db=30 inc=9012 cpu=288.98s parse=0.1 compile=0.5 search=287.2 emit=0.2 propag=287.1 rss=550
2023_roster-shifts-bool_bool-model	UNKNOWN-LIMIT	3093127	62538115	n=467 d=255 c=211 l=208 pbl=0 db=208 inc=5110 cpu=280.01s parse=0.2 compile=2.1 search=274.7 emit=0.1 propag=274.6 rss=1135
2024_word-equations_word_equations_01_track_140-int	OK-PROOF-VERIFIED	3800609	33431683	s VERIFIED BOUNDS -3 <= obj <= -3 n=134 d=67 c=67 l=67 pbl=0 parse=0.3 compile=240.4 search=9.3 emit=0.5 propag=8.7 rss=851
2022_yumi-static	UNKNOWN-LIMIT	1557809	57844485	n=150 d=125 c=24 l=23 pbl=0 db=23 inc=919 cpu=280.18s parse=0.1 compile=34.4 search=225.9 emit=1.1 propag=224.8 rss=4545
2023_valve-network	UNKNOWN-LIMIT	1630358	123819015	n=1707 d=856 c=850 l=847 pbl=0 db=847 inc=17 cpu=280.29s parse=0.1 compile=3.1 search=276.6 emit=1.6 propag=275.0 rss=444
2024_triangular	UNKNOWN-LIMIT	36351	58634229	n=15369 d=7801 c=7567 l=7565 pbl=0 db=7565 inc=17 cpu=281.76s parse=0.0 compile=0.0 search=281.7 emit=0.5 propag=281.3 rss=238
2023_multi-agent-graph-coverage_graph-scan-revised	UNKNOWN-LIMIT	303712	192920678	n=2092 d=1088 c=1003 l=973 pbl=0 db=973 inc=341 cpu=280.13s parse=0.0 compile=3.6 search=273.6 emit=4.0 propag=269.6 rss=943
2023_yumi-static	UNKNOWN-LIMIT	1558059	49192996	n=178 d=139 c=38 l=37 pbl=0 db=37 inc=902 cpu=282.82s parse=0.1 compile=36.8 search=225.2 emit=0.8 propag=224.4 rss=4515
2024_word-equations_word_equations_03_track_133-int	TIMEOUT-SOLVE	9345380	-	exceeded 300s no-stats rss=813
2024_word-equations_word_equations_03_track_31-int	TIMEOUT-SOLVE	24453685	-	exceeded 300s no-stats rss=793
2022_vaccine	UNKNOWN-LIMIT	900758	205730668	n=4480 d=2302 c=2177 l=2155 pbl=0 db=2155 inc=125 cpu=280.13s parse=0.1 compile=1.8 search=277.0 emit=3.0 propag=274.0 rss=580
2024_yumi-dynamic	TIMEOUT-SOLVE	186726098	-	exceeded 300s no-stats rss=5454
2025_black-hole	TIMEOUT-SOLVE	2154270	-	exceeded 300s killed-in=search n=3 d=2 c=1 l=0 pbl=0 cpu=300.06s parse=0.2 compile=84.6 rss=1057
2024_harmony	UNKNOWN-LIMIT	2250780	54501689	n=402 d=221 c=180 l=170 pbl=0 db=170 inc=53 cpu=281.32s parse=0.4 compile=85.2 search=160.6 emit=0.2 propag=160.4 rss=10341
2025_carpet-cutting_cc_base	TIMEOUT-SOLVE	14373662	-	exceeded 300s no-stats rss=706
2025_fbd1_FBD1	UNKNOWN-LIMIT	7817	473140609	n=693 d=348 c=344 l=239 pbl=0 db=239 inc=46 cpu=280.70s parse=0.0 compile=0.1 search=280.4 emit=5.3 propag=275.1 rss=343
2025_ihtc-2024-kletzander_model4_opt	TIMEOUT-SOLVE	51867173	-	exceeded 300s no-stats rss=10527
2025_is_model	UNKNOWN-LIMIT	103496	828972	n=2 d=1 c=0 l=0 pbl=0 db=0 inc=none cpu=289.64s parse=0.0 compile=6.4 search=273.6 emit=0.0 propag=273.6 rss=5986
2025_ihtc-2024-marte_model	TIMEOUT-SOLVE	33115763	-	exceeded 300s no-stats rss=11863
2025_proteindesign12_wcsp	TIMEOUT-SOLVE	1235310	-	exceeded 300s killed-in=search n=1 d=0 c=0 l=0 pbl=0 cpu=300.03s parse=0.3 compile=4.0 rss=2127
2017_jp-encoding	TIMEOUT-CHECK	1868074	101240128	veripb exceeded 900s
2018_cargo_cargo_coarsePiles	TIMEOUT-CHECK	1489194	102008807	veripb exceeded 900s
2018_concert-hall-cap	TIMEOUT-CHECK	207366	94123286	veripb exceeded 900s
2025_stripboard	PROOF-REJECTED	267515	1554045299	 The constraint is not implied by reverse unit propagation (RUP) from core and derived database. Rerun with the option '--trace-failed' to see the propagations.
2018_mapping	TIMEOUT-CHECK	161508	15443173	veripb exceeded 900s
2024_word-equations_word_equations_02_track_8-int	UNKNOWN-LIMIT	3496748	270016243	n=1956 d=983 c=972 l=972 pbl=0 db=972 inc=none cpu=280.06s parse=0.2 compile=190.2 search=87.2 emit=4.7 propag=82.6 rss=1233
2025_tsptw	UNKNOWN-LIMIT	329727	136690218	n=1273 d=642 c=630 l=599 pbl=0 db=599 inc=349 cpu=280.47s parse=0.0 compile=2.8 search=275.8 emit=3.1 propag=272.8 rss=738
2018_team-assignment_model	TIMEOUT-CHECK	110398	362886462	veripb exceeded 900s
2024_tiny-cvrp_TinyCVRP_ExactlyOneSolution	UNKNOWN-LIMIT	470277	230595050	n=8281 d=5125 c=3155 l=3140 pbl=0 db=3140 inc=530 cpu=280.30s parse=0.0 compile=1.8 search=278.2 emit=4.0 propag=274.2 rss=378
2019_zephyrus	TIMEOUT-CHECK	785369	16933809	veripb exceeded 900s
2019_multi-knapsack_mknapsack_global	TIMEOUT-CHECK	8463	91109923	veripb exceeded 900s
2024_network_50_cstr_efm_cstr	UNKNOWN-LIMIT	780591	71085695	n=1158 d=671 c=486 l=317 pbl=0 db=317 inc=2 cpu=287.23s parse=0.1 compile=0.9 search=285.2 emit=0.7 propag=284.5 rss=1287
2020_hoist-benchmark	TIMEOUT-CHECK	115509	114760477	veripb exceeded 900s
2021_community-detection	TIMEOUT-CHECK	598051	90963438	veripb exceeded 900s
2022_roster-sickness_bool-model-sickness	UNKNOWN-LIMIT	211007	123966146	n=4436 d=2221 c=2214 l=2214 pbl=0 db=2214 inc=14441 cpu=280.20s parse=0.0 compile=2.8 search=273.2 emit=0.3 propag=272.9 rss=1292
2022_team-assignment_model	TIMEOUT-CHECK	86938	329259681	veripb exceeded 900s
2023_test-scheduling	TIMEOUT-CHECK	1068243	40847823	veripb exceeded 900s
2024_community-detection	TIMEOUT-CHECK	226166	832654404	veripb exceeded 900s
2024_concert-hall-cap	TIMEOUT-CHECK	277102	89291190	veripb exceeded 900s
2024_hoist-benchmark	TIMEOUT-CHECK	433614	160902959	veripb exceeded 900s
2025_EchoSched_JSP0	TIMEOUT-CHECK	607643	608632572	veripb exceeded 900s
2025_skill-allocation_skill_allocation_only	TIMEOUT-CHECK	2359756	161432879	veripb exceeded 900s
DONE-1790872559	331	436
